code,country,year,gdp_percapita,gross_savings,inflation_rate,total_investment,unemployment_rate,exports,imports,income_group
ABW,Aruba,2010,24093.14,4.649,2.078,28.283,NA,NA,NA,High income
ABW,Aruba,2015,27458.22,15.266,0.475,21.539,NA,NA,NA,High income
ABW,Aruba,2020,22664.371,3.585,NA,23.931,NA,NA,NA,High income
ABW,Aruba,2025,NA,NA,NA,NA,NA,NA,NA,High income
AFG,Afghanistan,2010,560.622,NA,2.179,NA,7.809,NA,NA,Low income
AFG,Afghanistan,2015,565.57,NA,-0.662,NA,9.032,NA,NA,Low income
AFG,Afghanistan,2020,510.787,-2.738,5.602,11.5,11.71,NA,NA,Low income
AFG,Afghanistan,2025,NA,NA,NA,NA,13.351,NA,NA,Low income
AGO,Angola,2010,4101.637,37.633,14.47,29.764,16.595,-2.379,-11.738,Lower middle income
AGO,Angola,2015,3641.729,21.127,9.356,29.109,16.472,2.0,-23.91,Lower middle income
AGO,Angola,2020,1749.179,21.064,22.272,19.758,16.696,-8.0,4.9,Lower middle income
AGO,Angola,2025,3129.477,NA,20.162,NA,14.108,NA,NA,Lower middle income
ALB,Albania,2010,4149.145,21.289,3.627,32.493,14.086,19.194,-0.573,Upper middle income
ALB,Albania,2015,4199.539,19.28,1.896,27.813,17.193,-2.253,-2.674,Upper middle income
ALB,Albania,2020,6027.914,17.66,1.621,26.218,11.639,-27.726,-19.79,Upper middle income
ALB,Albania,2025,12998.148,22.81,2.146,NA,10.926,7.421,3.616,Upper middle income
ARE,United Arab Emirates,2010,44795.285,NA,0.878,28.919,2.798,6.26,-20.383,High income
ARE,United Arab Emirates,2015,44910.346,NA,4.07,21.643,1.793,2.725,-5.534,High income
ARE,United Arab Emirates,2020,37991.738,NA,-2.079,22.827,4.294,3.849,5.146,High income
ARE,United Arab Emirates,2025,NA,NA,1.251,NA,2.174,NA,NA,High income
ARG,Argentina,2010,10260.131,17.332,NA,17.706,7.714,13.897,35.204,Upper middle income
ARG,Argentina,2015,13679.626,14.306,NA,17.071,7.577,-2.777,4.711,Upper middle income
ARG,Argentina,2020,8535.599,15.012,42.015,14.415,11.461,-17.438,-17.211,Upper middle income
ARG,Argentina,2025,14898.089,13.376,NA,16.114,7.145,7.558,26.974,Upper middle income
ARM,Armenia,2010,3041.345,13.201,8.176,38.815,19.523,26.5,12.8,Upper middle income
ARM,Armenia,2015,3512.394,18.454,3.732,20.731,18.261,4.9,-15.3,Upper middle income
ARM,Armenia,2020,4268.681,15.647,1.211,19.664,18.175,-33.9,-31.9,Upper middle income
ARM,Armenia,2025,9474.018,16.915,3.307,24.211,12.871,-30.5,-23.7,Upper middle income
ATG,Antigua and Barbuda,2010,15217.395,NA,3.37,NA,NA,NA,NA,High income
ATG,Antigua and Barbuda,2015,16077.634,NA,0.969,NA,NA,NA,NA,High income
ATG,Antigua and Barbuda,2020,15369.608,NA,0.626,NA,NA,NA,NA,High income
ATG,Antigua and Barbuda,2025,24819.245,NA,1.369,NA,NA,NA,NA,High income
AUS,Australia,2010,52313.894,21.709,2.918,26.698,5.214,4.71,6.993,High income
AUS,Australia,2015,56970.361,22.521,1.508,26.167,6.055,6.891,1.63,High income
AUS,Australia,2020,51983.452,23.233,0.847,22.345,6.394,-1.708,-6.568,High income
AUS,Australia,2025,65129.723,22.156,2.874,24.461,4.09,0.792,3.072,High income
AUT,Austria,2010,46611.139,25.902,1.814,22.859,4.883,13.131,11.978,High income
AUT,Austria,2015,43915.228,25.676,0.897,24.012,5.802,3.027,3.639,High income
AUT,Austria,2020,48716.41,29.212,1.382,25.653,5.201,-10.489,-9.574,High income
AUT,Austria,2025,62930.035,25.809,3.527,23.659,5.582,0.295,1.719,High income
AZE,Azerbaijan,2010,5843.534,44.73,5.727,18.06,5.63,24.2,1.346,Upper middle income
AZE,Azerbaijan,2015,5500.504,28.122,4.028,27.914,4.96,NA,NA,Upper middle income
AZE,Azerbaijan,2020,4229.911,23.569,2.76,23.666,7.24,NA,NA,Upper middle income
AZE,Azerbaijan,2025,7410.723,23.464,5.622,18.888,5.457,NA,NA,Upper middle income
BDI,Burundi,2010,216.728,3.213,6.493,NA,1.615,NA,NA,Low income
BDI,Burundi,2015,254.403,2.954,5.545,NA,1.449,NA,NA,Low income
BDI,Burundi,2020,252.702,24.598,7.321,NA,1.03,NA,NA,Low income
BDI,Burundi,2025,233.823,43.06,34.134,NA,0.922,NA,NA,Low income
BEL,Belgium,2010,44197.394,24.399,2.189,22.394,8.293,10.435,9.627,High income
BEL,Belgium,2015,40893.805,23.96,0.561,23.322,8.482,3.67,4.201,High income
BEL,Belgium,2020,45906.288,24.989,0.741,24.069,5.545,-5.958,-6.724,High income
BEL,Belgium,2025,60750.274,23.701,2.467,25.747,5.906,-0.288,0.145,High income
BEN,Benin,2010,973.244,11.387,2.208,15.608,1.04,4.798,7.35,Lower middle income
BEN,Benin,2015,1002.419,14.098,0.219,20.732,1.886,-20.096,-0.968,Lower middle income
BEN,Benin,2020,1200.194,21.577,3.023,25.634,1.518,-24.965,-19.793,Lower middle income
BEN,Benin,2025,1658.273,NA,1.102,35.826,1.589,-0.622,0.865,Lower middle income
BFA,Burkina Faso,2010,624.957,15.839,-0.764,21.99,3.725,43.174,24.997,Low income
BFA,Burkina Faso,2015,630.125,11.859,0.725,19.407,4.472,1.549,11.17,Low income
BFA,Burkina Faso,2020,825.237,20.556,1.885,17.162,4.59,11.896,1.535,Low income
BFA,Burkina Faso,2025,1147.571,NA,-0.586,17.222,3.477,7.438,7.416,Low income
BGD,Bangladesh,2010,757.385,38.782,8.127,26.247,3.379,0.942,0.686,Lower middle income
BGD,Bangladesh,2015,1224.386,36.731,6.194,28.887,4.397,-2.83,3.203,Lower middle income
BGD,Bangladesh,2020,2248.851,37.189,5.691,31.308,5.539,-17.502,-11.41,Lower middle income
BGD,Bangladesh,2025,2597.344,34.813,8.769,28.541,3.778,9.969,6.773,Lower middle income
BGR,Bulgaria,2010,6854.299,20.6,2.439,22.518,10.279,12.554,9.616,Upper middle income
BGR,Bulgaria,2015,7269.026,20.935,-0.105,21.0,9.143,8.613,5.028,Upper middle income
BGR,Bulgaria,2020,10760.762,20.702,1.672,20.152,5.037,11.575,10.693,Upper middle income
BGR,Bulgaria,2025,20328.167,16.722,4.581,21.717,3.536,0.0,0.0,Upper middle income
BHR,Bahrain,2010,21819.329,31.466,1.962,28.598,1.13,2.63,17.306,High income
BHR,Bahrain,2015,23734.055,23.781,1.849,25.625,1.164,-0.845,-5.669,High income
BHR,Bahrain,2020,24342.844,28.242,-2.318,37.296,1.765,-2.548,-0.702,High income
BHR,Bahrain,2025,30596.579,NA,-0.138,NA,1.102,NA,NA,High income
BHS,Bahamas,2010,27473.1,23.448,1.344,27.986,14.435,1.275,-0.392,High income
BHS,Bahamas,2015,30719.405,20.903,1.861,24.611,12.0,1.396,-5.937,High income
BHS,Bahamas,2020,26178.754,8.754,0.039,23.071,12.016,-45.289,-27.373,High income
BHS,Bahamas,2025,NA,NA,NA,NA,9.207,NA,NA,High income
BIH,Bosnia and Herzegovina,2010,4506.478,6.483,1.996,21.915,27.312,13.901,2.479,Upper middle income
BIH,Bosnia and Herzegovina,2015,4662.259,8.907,-1.036,22.17,27.695,9.783,1.782,Upper middle income
BIH,Bosnia and Herzegovina,2020,6130.312,16.331,-1.051,23.468,15.868,-14.842,-13.425,Upper middle income
BIH,Bosnia and Herzegovina,2025,10381.846,20.291,NA,28.738,11.037,2.524,5.26,Upper middle income
BLR,Belarus,2010,6034.679,26.855,7.736,40.656,6.052,7.669,12.225,Upper middle income
BLR,Belarus,2015,5967.056,28.908,13.534,29.035,5.881,2.101,-10.628,Upper middle income
BLR,Belarus,2020,6542.856,27.469,5.548,27.455,4.049,-3.75,-7.351,Upper middle income
BLR,Belarus,2025,10279.255,25.5,6.599,27.122,3.38,-4.7,-0.1,Upper middle income
BLZ,Belize,2010,5461.407,18.671,0.918,15.451,8.412,0.442,3.168,Upper middle income
BLZ,Belize,2015,6154.623,20.253,-0.862,16.726,7.578,-2.41,9.351,Upper middle income
BLZ,Belize,2020,5238.541,22.728,0.121,18.443,10.763,-29.579,-22.912,Upper middle income
BLZ,Belize,2025,7865.479,NA,1.063,NA,8.856,NA,NA,Upper middle income
BOL,Bolivia,2010,1929.784,24.849,2.503,17.007,2.609,9.853,11.041,Lower middle income
BOL,Bolivia,2015,2996.013,14.217,4.06,20.281,3.111,-5.919,-5.406,Lower middle income
BOL,Bolivia,2020,3580.968,14.933,0.941,17.268,7.903,-23.912,-30.139,Lower middle income
BOL,Bolivia,2025,5147.811,NA,19.517,NA,2.967,NA,NA,Lower middle income
BRA,Brazil,2010,11403.282,17.802,5.039,21.801,8.42,11.722,33.639,Upper middle income
BRA,Brazil,2015,8936.197,14.529,9.03,17.412,8.538,6.82,-14.191,Upper middle income
BRA,Brazil,2020,7074.194,14.84,3.212,16.116,13.697,-2.291,-9.477,Upper middle income
BRA,Brazil,2025,10713.286,14.416,5.017,17.076,5.97,6.165,4.471,Upper middle income
BRB,Barbados,2010,19723.238,NA,5.824,NA,10.69,NA,NA,High income
BRB,Barbados,2015,20429.475,NA,-1.113,NA,9.803,NA,NA,High income
BRB,Barbados,2020,19180.992,NA,NA,NA,10.586,NA,NA,High income
BRB,Barbados,2025,28364.818,NA,0.847,NA,6.524,NA,NA,High income
BRN,Brunei,2010,34937.556,60.152,0.357,23.69,6.487,11.874,-0.312,High income
BRN,Brunei,2015,30625.129,57.118,-0.488,35.247,7.703,-9.949,-8.92,High income
BRN,Brunei,2020,26834.359,50.886,1.94,40.588,7.409,7.623,-1.924,High income
BRN,Brunei,2025,32234.643,45.334,-0.303,27.127,5.277,-4.118,-13.798,High income
BTN,Bhutan,2010,2435.58,37.035,7.036,62.933,3.32,7.521,28.736,Lower middle income
BTN,Bhutan,2015,2954.041,27.069,4.548,56.431,2.45,-3.177,17.242,Lower middle income
BTN,Bhutan,2020,3191.669,24.442,5.629,39.071,5.03,-19.675,-9.057,Lower middle income
BTN,Bhutan,2025,4492.784,NA,3.555,NA,3.227,NA,NA,Lower middle income
BWA,Botswana,2010,6215.732,32.037,6.949,34.702,17.86,18.201,11.02,Upper middle income
BWA,Botswana,2015,6141.204,31.307,3.062,28.443,18.915,-7.36,5.836,Upper middle income
BWA,Botswana,2020,6323.297,24.176,1.89,32.727,21.017,-17.031,6.331,Upper middle income
BWA,Botswana,2025,7778.115,NA,2.66,29.157,24.477,14.789,-18.994,Upper middle income
CAF,Central African Republic,2010,476.874,NA,1.491,16.844,5.658,42.555,11.088,Low income
CAF,Central African Republic,2015,366.323,NA,1.403,21.805,5.775,9.99,10.346,Low income
CAF,Central African Republic,2020,462.879,NA,1.71,26.0,6.519,-2.841,1.005,Low income
CAF,Central African Republic,2025,556.131,NA,1.002,9.304,6.251,38.8,14.4,Low income
CAN,Canada,2010,47560.838,19.312,1.777,23.482,8.178,6.676,13.784,High income
CAN,Canada,2015,43594.238,19.569,1.125,23.822,6.945,3.399,0.76,High income
CAN,Canada,2020,43537.898,19.462,0.717,22.675,9.657,-8.981,-9.417,High income
CAN,Canada,2025,55697.664,22.225,2.072,23.154,6.907,-1.684,-0.408,High income
CHE,Switzerland,2010,77956.126,40.025,0.688,26.357,4.808,12.547,7.98,High income
CHE,Switzerland,2015,85265.062,35.237,-1.144,25.941,4.801,3.854,4.759,High income
CHE,Switzerland,2020,87529.702,31.999,-0.726,31.302,4.817,-5.119,-2.768,High income
CHE,Switzerland,2025,114769.012,36.714,0.154,29.488,4.873,4.806,9.701,High income
CHL,Chile,2010,12632.87,25.628,1.411,24.775,8.547,1.869,25.243,High income
CHL,Chile,2015,13433.92,22.734,4.349,25.599,6.605,-2.332,-0.854,High income
CHL,Chile,2020,13117.993,19.092,3.045,21.077,10.934,-0.911,-12.326,High income
CHL,Chile,2025,17994.591,22.815,4.213,24.057,8.974,4.59,10.513,High income
CHN,China,2010,4629.246,50.795,3.175,46.102,4.53,NA,NA,Upper middle income
CHN,China,2015,8175.333,45.102,1.437,42.735,4.65,NA,NA,Upper middle income
CHN,China,2020,10627.464,43.5,2.419,42.572,5.0,NA,NA,Upper middle income
CHN,China,2025,13861.97,NA,0.06,NA,4.615,NA,NA,Upper middle income
CIV,Côte dIvoire,2010,1553.549,-11.368,1.226,21.681,6.607,-9.055,13.733,Lower middle income
CIV,Côte dIvoire,2015,1814.719,22.432,1.251,23.388,2.573,1.663,13.936,Lower middle income
CIV,Côte dIvoire,2020,2179.729,17.748,2.413,21.743,2.588,-4.606,5.766,Lower middle income
CIV,Côte dIvoire,2025,3050.102,NA,0.125,19.302,2.323,12.317,15.772,Lower middle income
CMR,Cameroon,2010,1398.587,15.298,1.275,18.228,4.11,13.184,14.303,Lower middle income
CMR,Cameroon,2015,1415.0,14.316,2.676,18.25,3.518,4.769,-0.109,Lower middle income
CMR,Cameroon,2020,1555.604,13.349,2.438,17.661,3.881,-14.361,-17.052,Lower middle income
CMR,Cameroon,2025,1972.382,NA,3.404,19.343,3.602,-7.681,11.088,Lower middle income
COD,"Congo, The Democratic Republic of the",2010,352.4,16.138,7.1,24.029,4.098,39.926,42.949,Low income
COD,"Congo, The Democratic Republic of the",2015,495.827,20.304,0.744,28.249,4.441,-3.137,-19.282,Low income
COD,"Congo, The Democratic Republic of the",2020,486.426,19.595,NA,21.849,5.355,11.361,0.46,Low income
COD,"Congo, The Democratic Republic of the",2025,806.776,28.691,NA,31.653,4.434,7.387,-1.665,Low income
COG,Congo,2010,2946.558,54.044,0.392,47.19,19.3,2.82,8.165,Lower middle income
COG,Congo,2015,2439.352,39.543,3.169,76.782,20.02,-4.533,24.054,Lower middle income
COG,Congo,2020,1993.587,36.293,1.795,23.732,22.286,-9.402,-35.769,Lower middle income
COG,Congo,2025,2514.734,NA,2.401,29.385,19.876,1.571,4.4,Lower middle income
COL,Colombia,2010,6398.296,18.456,2.272,21.889,11.153,2.062,10.83,Upper middle income
COL,Colombia,2015,6248.515,17.37,4.99,23.774,8.572,1.658,-1.081,Upper middle income
COL,Colombia,2020,5339.687,14.437,2.527,19.128,15.983,-22.459,-20.092,Upper middle income
COL,Colombia,2025,8561.621,13.177,5.142,16.719,8.29,1.843,8.419,Upper middle income
COM,Comoros,2010,1386.575,13.843,3.355,18.175,4.19,14.733,-3.001,Lower middle income
COM,Comoros,2015,1329.37,13.477,-0.117,13.638,4.031,4.535,1.024,Lower middle income
COM,Comoros,2020,1527.17,10.037,0.787,11.802,4.468,-45.926,-9.275,Lower middle income
COM,Comoros,2025,2055.759,NA,3.249,11.845,3.819,6.341,3.415,Lower middle income
CPV,Cape Verde,2010,3579.46,34.612,2.079,44.957,10.67,6.574,8.003,Lower middle income
CPV,Cape Verde,2015,3415.063,28.521,0.131,29.107,11.923,13.541,2.041,Lower middle income
CPV,Cape Verde,2020,3539.227,17.548,0.606,28.962,14.65,-56.543,-25.183,Lower middle income
CPV,Cape Verde,2025,5796.472,21.134,2.343,17.407,11.939,4.119,3.198,Lower middle income
CRI,Costa Rica,2010,8265.788,15.802,5.663,19.834,7.171,9.327,18.726,Upper middle income
CRI,Costa Rica,2015,11714.711,14.623,0.802,18.854,8.415,2.888,4.498,Upper middle income
CRI,Costa Rica,2020,12475.685,14.26,0.725,15.53,16.432,-10.633,-12.929,Upper middle income
CRI,Costa Rica,2025,19970.099,13.586,-0.074,15.785,6.843,8.639,6.472,Upper middle income
CYP,Cyprus,2010,31105.027,13.04,2.43,23.687,6.359,6.329,10.796,High income
CYP,Cyprus,2015,23088.43,13.054,-2.097,13.323,15.026,8.924,8.062,High income
CYP,Cyprus,2020,28130.33,10.953,-0.638,20.645,7.755,1.636,3.265,High income
CYP,Cyprus,2025,41783.09,12.847,0.127,19.26,4.924,4.962,2.53,High income
CZE,Czech Republic,2010,20160.436,21.738,1.473,26.731,7.281,14.658,14.812,High income
CZE,Czech Republic,2015,17931.599,25.659,0.309,26.969,5.048,5.912,6.563,High income
CZE,Czech Republic,2020,23472.892,25.857,3.161,24.73,2.55,-8.516,-8.446,High income
CZE,Czech Republic,2025,35917.272,27.741,2.46,26.755,2.825,3.902,5.01,High income
DEU,Germany,2010,42396.967,25.062,1.104,19.531,7.043,14.105,12.477,High income
DEU,Germany,2015,41929.755,27.625,0.514,19.498,4.612,4.873,5.327,High income
DEU,Germany,2020,47394.873,28.021,0.145,21.729,3.881,-9.486,-8.139,High income
DEU,Germany,2025,60496.435,26.367,2.172,21.931,3.711,-0.443,3.591,High income
DJI,Djibouti,2010,1213.234,NA,3.95,NA,26.368,NA,NA,Lower middle income
DJI,Djibouti,2015,2376.126,25.514,-0.522,-3.946,26.063,1.339,-3.232,Lower middle income
DJI,Djibouti,2020,2844.888,11.337,1.779,-0.249,27.701,-29.705,-29.539,Lower middle income
DJI,Djibouti,2025,3905.605,NA,-0.314,1.55,26.015,-1.5,-2.9,Lower middle income
DMA,Dominica,2010,7549.62,NA,2.999,NA,NA,NA,NA,Upper middle income
DMA,Dominica,2015,8282.599,NA,-0.844,NA,NA,NA,NA,Upper middle income
DMA,Dominica,2020,7827.748,NA,1.22,NA,NA,NA,NA,Upper middle income
DMA,Dominica,2025,10989.043,NA,2.534,NA,NA,NA,NA,Upper middle income
DNK,Denmark,2010,58104.545,24.222,2.311,17.822,7.746,3.026,1.315,High income
DNK,Denmark,2015,53094.013,28.499,0.452,20.544,6.278,3.232,4.063,High income
DNK,Denmark,2020,60985.489,29.988,0.421,22.763,5.644,-6.36,-3.954,High income
DNK,Denmark,2025,76970.154,NA,1.894,22.122,5.529,3.043,-0.35,High income
DOM,Dominican Republic,2010,5478.625,18.359,6.33,26.071,5.212,16.191,18.61,Upper middle income
DOM,Dominican Republic,2015,6800.953,20.937,0.837,22.651,7.605,3.18,10.937,Upper middle income
DOM,Dominican Republic,2020,7135.223,22.929,3.781,24.88,6.126,-28.477,-10.622,Upper middle income
DOM,Dominican Republic,2025,11059.208,23.282,3.873,24.704,5.092,3.909,-1.801,Upper middle income
DZA,Algeria,2010,4912.786,51.225,3.911,43.287,9.96,-0.6,5.3,Lower middle income
DZA,Algeria,2015,4685.059,39.047,4.784,51.78,11.206,0.5,6.9,Lower middle income
DZA,Algeria,2020,3743.542,33.337,2.415,42.949,14.08,-12.2,-16.0,Lower middle income
DZA,Algeria,2025,6051.003,NA,1.418,45.267,11.633,2.514,17.324,Lower middle income
ECU,Ecuador,2010,4520.31,24.817,3.554,23.49,4.088,0.512,13.463,Upper middle income
ECU,Ecuador,2015,5976.16,20.626,3.967,22.686,3.616,-4.805,-5.274,Upper middle income
ECU,Ecuador,2020,5463.645,19.865,-0.339,17.585,6.116,-3.905,-18.282,Upper middle income
ECU,Ecuador,2025,7125.276,27.088,0.71,20.938,3.308,6.45,3.924,Upper middle income
EGY,Egypt,2010,2455.082,17.95,11.265,19.501,8.757,-2.984,-3.16,Lower middle income
EGY,Egypt,2015,3306.982,9.593,10.37,14.289,13.052,-0.039,0.951,Lower middle income
EGY,Egypt,2020,3511.114,16.277,5.045,18.818,7.974,-23.659,-18.724,Lower middle income
EGY,Egypt,2025,3085.807,8.129,14.074,12.891,6.781,23.673,29.156,Lower middle income
ERI,Eritrea,2010,539.7,NA,NA,12.385,5.854,17.496,11.296,Low income
ERI,Eritrea,2015,NA,NA,NA,NA,5.751,NA,NA,Low income
ERI,Eritrea,2020,NA,NA,NA,NA,6.375,NA,NA,Low income
ERI,Eritrea,2025,NA,NA,NA,NA,5.978,NA,NA,Low income
ESP,Spain,2010,30658.742,18.836,1.8,22.399,19.86,8.979,6.198,High income
ESP,Spain,2015,25982.442,21.416,-0.5,19.373,22.057,4.352,5.092,High income
ESP,Spain,2020,27233.943,21.422,-0.323,20.627,15.532,-20.099,-15.148,High income
ESP,Spain,2025,38627.247,24.325,2.7,21.41,10.376,3.569,6.237,High income
EST,Estonia,2010,14663.704,23.36,2.972,21.588,16.707,24.217,21.257,High income
EST,Estonia,2015,17722.156,26.41,-0.492,24.641,6.412,-1.506,-2.138,High income
EST,Estonia,2020,23933.994,27.148,-0.445,29.654,6.956,-4.117,0.839,High income
EST,Estonia,2025,34417.632,24.755,4.829,24.848,8.313,4.958,5.046,High income
ETH,Ethiopia,2010,330.619,NA,8.149,0.0,2.295,NA,NA,Low income
ETH,Ethiopia,2015,597.912,29.93,9.569,40.671,2.442,-11.219,21.852,Low income
ETH,Ethiopia,2020,829.791,27.754,20.356,30.579,3.998,-5.399,-1.989,Low income
ETH,Ethiopia,2025,932.729,NA,13.23,20.12,3.323,54.556,11.801,Low income
FIN,Finland,2010,46506.292,24.092,1.184,22.607,8.394,6.177,6.299,High income
FIN,Finland,2015,42560.346,20.733,-0.208,21.906,9.376,0.244,2.135,High income
FIN,Finland,2020,48828.685,25.517,0.291,24.984,7.759,-8.501,-6.12,High income
FIN,Finland,2025,56148.581,23.161,0.338,21.904,9.461,3.413,1.717,High income
FJI,Fiji Islands,2010,3449.145,14.086,3.689,18.803,4.345,NA,NA,Upper middle income
FJI,Fiji Islands,2015,5097.531,18.941,1.375,22.418,4.288,NA,NA,Upper middle income
FJI,Fiji Islands,2020,4620.646,4.336,-1.7,16.445,5.054,NA,NA,Upper middle income
FJI,Fiji Islands,2025,6642.004,NA,-1.383,NA,5.347,NA,NA,Upper middle income
FRA,France,2010,40694.821,20.961,1.531,21.338,9.279,8.543,8.602,High income
FRA,France,2015,36702.432,21.531,0.038,21.717,10.354,4.525,5.819,High income
FRA,France,2020,39169.861,20.784,0.476,22.804,8.009,-16.572,-12.238,High income
FRA,France,2025,48985.731,21.459,0.944,21.938,7.542,1.281,2.874,High income
FSM,"Micronesia, Federated States of",2010,2715.269,NA,3.314,NA,NA,NA,NA,Lower middle income
FSM,"Micronesia, Federated States of",2015,2869.863,NA,-0.298,NA,NA,NA,NA,Lower middle income
FSM,"Micronesia, Federated States of",2020,3362.028,NA,0.555,NA,NA,NA,NA,Lower middle income
FSM,"Micronesia, Federated States of",2025,4414.007,NA,NA,NA,NA,NA,NA,Lower middle income
GAB,Gabon,2010,8356.747,41.159,1.462,29.701,20.39,14.81,31.588,Upper middle income
GAB,Gabon,2015,7047.127,38.378,-0.339,29.231,19.943,8.659,-10.735,Upper middle income
GAB,Gabon,2020,6605.803,NA,1.353,19.863,21.279,10.033,-6.011,Upper middle income
GAB,Gabon,2025,8263.033,NA,1.768,24.826,20.154,0.111,9.093,Upper middle income
GBR,United Kingdom,2010,39778.322,13.858,2.493,16.618,7.973,6.15,8.65,High income
GBR,United Kingdom,2015,45256.04,13.696,0.368,18.476,5.552,3.653,4.932,High income
GBR,United Kingdom,2020,40815.126,15.561,0.989,18.281,4.472,-12.015,-15.184,High income
GBR,United Kingdom,2025,57601.962,17.18,3.883,19.688,4.746,2.079,4.058,High income
GEO,Georgia,2010,3281.729,11.285,7.11,20.929,20.203,NA,NA,Upper middle income
GEO,Georgia,2015,4086.622,15.233,4.004,26.877,16.506,3.16,5.329,Upper middle income
GEO,Georgia,2020,4300.857,12.093,5.202,24.606,11.734,-37.552,-16.645,Upper middle income
GEO,Georgia,2025,9691.535,18.528,3.869,21.278,12.097,7.019,5.68,Upper middle income
GHA,Ghana,2010,1263.893,4.871,10.733,13.1,5.384,24.679,26.701,Lower middle income
GHA,Ghana,2015,1722.773,21.1,17.15,27.71,6.806,17.627,7.932,Lower middle income
GHA,Ghana,2020,2195.455,15.179,9.887,18.224,3.178,-12.79,-8.781,Lower middle income
GHA,Ghana,2025,3257.159,NA,14.205,NA,2.979,NA,NA,Lower middle income
GIN,Guinea,2010,659.235,6.585,15.05,20.325,5.018,5.927,3.535,Lower middle income
GIN,Guinea,2015,747.357,-7.385,11.78,24.163,5.15,-9.119,9.435,Lower middle income
GIN,Guinea,2020,1053.661,9.695,10.602,31.516,6.007,53.172,73.518,Lower middle income
GIN,Guinea,2025,1877.254,NA,3.546,36.999,5.163,8.2,20.0,Lower middle income
GMB,Gambia,2010,801.033,-0.353,5.05,13.877,9.673,-3.62,4.696,Low income
GMB,Gambia,2015,619.536,18.892,6.808,20.35,7.226,-23.463,-7.487,Low income
GMB,Gambia,2020,720.335,26.889,5.931,32.342,5.84,-49.939,12.218,Low income
GMB,Gambia,2025,919.06,NA,NA,40.386,6.521,33.989,4.301,Low income
GNB,Guinea-Bissau,2010,600.194,7.401,2.518,19.494,3.121,-7.451,4.443,Low income
GNB,Guinea-Bissau,2015,645.067,16.79,1.477,14.686,3.168,6.699,13.81,Low income
GNB,Guinea-Bissau,2020,846.918,23.565,1.14,25.652,2.887,-11.956,-10.897,Low income
GNB,Guinea-Bissau,2025,1123.767,NA,0.875,25.812,2.673,25.048,8.231,Low income
GNQ,Equatorial Guinea,2010,13720.166,NA,7.789,38.056,7.847,-0.159,29.52,Upper middle income
GNQ,Equatorial Guinea,2015,9068.91,NA,1.677,24.701,7.778,-6.439,-15.453,Upper middle income
GNQ,Equatorial Guinea,2020,5764.055,NA,4.767,6.988,8.625,-8.124,-22.065,Upper middle income
GNQ,Equatorial Guinea,2025,6615.252,NA,NA,-3.679,8.337,-16.675,0.884,Upper middle income
GRC,Greece,2010,26653.049,7.729,4.713,18.216,12.719,4.577,-4.266,High income
GRC,Greece,2015,17980.73,10.051,-1.736,12.008,24.981,5.234,8.177,High income
GRC,Greece,2020,17886.733,5.488,-1.248,13.541,15.899,-21.518,-7.295,High income
GRC,Greece,2025,26948.007,NA,2.482,17.244,8.54,1.651,-1.289,High income
GRD,Grenada,2010,6909.602,NA,3.437,NA,NA,NA,NA,Upper middle income
GRD,Grenada,2015,8694.124,NA,-0.515,NA,NA,NA,NA,Upper middle income
GRD,Grenada,2020,8968.559,NA,-0.741,NA,NA,NA,NA,Upper middle income
GRD,Grenada,2025,12106.879,NA,0.61,NA,NA,NA,NA,Upper middle income
GTM,Guatemala,2010,2805.26,11.647,3.86,14.164,3.497,6.134,9.995,Upper middle income
GTM,Guatemala,2015,3893.505,13.575,2.389,14.828,2.506,2.838,3.648,Upper middle income
GTM,Guatemala,2020,4477.618,18.526,3.214,13.501,2.965,-7.526,-5.769,Upper middle income
GTM,Guatemala,2025,6598.18,NA,1.488,16.771,2.604,2.042,7.616,Upper middle income
GUY,Guyana,2010,4581.762,NA,4.301,NA,11.632,NA,NA,High income
GUY,Guyana,2015,5640.416,NA,-0.865,NA,13.009,NA,NA,High income
GUY,Guyana,2020,6775.709,NA,0.722,NA,15.308,NA,NA,High income
GUY,Guyana,2025,32413.793,NA,3.33,NA,11.962,NA,NA,High income
HKG,Hong Kong,2010,32550.136,30.892,2.293,23.89,4.329,17.57,18.229,High income
HKG,Hong Kong,2015,42432.162,24.859,2.991,21.541,3.314,-1.371,-1.764,High income
HKG,Hong Kong,2020,46109.23,25.971,0.251,18.982,5.808,-6.681,-6.858,High income
HKG,Hong Kong,2025,56983.066,NA,1.436,18.349,2.799,11.177,11.584,High income
HND,Honduras,2010,1893.327,17.547,4.699,21.88,4.119,15.685,15.205,Lower middle income
HND,Honduras,2015,2271.203,19.675,3.158,25.118,6.147,2.9,8.467,Lower middle income
HND,Honduras,2020,2307.615,21.949,3.468,19.666,10.982,-21.026,-17.637,Lower middle income
HND,Honduras,2025,3598.215,26.911,4.597,24.165,4.92,-0.421,4.667,Lower middle income
HRV,Croatia,2010,13729.747,18.191,1.031,20.368,11.62,7.814,-3.011,High income
HRV,Croatia,2015,12283.875,22.174,-0.464,19.48,16.15,10.244,9.277,High income
HRV,Croatia,2020,14807.556,22.13,0.155,23.544,7.389,-23.197,-12.317,High income
HRV,Croatia,2025,27103.912,NA,3.692,24.585,5.002,0.942,2.78,High income
HTI,Haiti,2010,1209.727,24.13,4.827,24.988,15.244,-18.077,25.702,Lower middle income
HTI,Haiti,2015,1411.127,12.361,6.732,13.974,13.785,0.149,6.104,Lower middle income
HTI,Haiti,2020,1290.325,17.722,22.796,17.703,15.573,-24.414,-18.582,Lower middle income
HTI,Haiti,2025,2694.19,NA,28.643,12.06,14.944,-1.965,1.452,Lower middle income
HUN,Hungary,2010,13189.843,20.819,4.856,21.189,11.172,11.118,9.789,High income
HUN,Hungary,2015,12782.941,25.678,-0.062,23.857,6.813,7.363,5.671,High income
HUN,Hungary,2020,16386.931,26.481,3.327,27.464,4.248,-6.145,-3.604,High income
HUN,Hungary,2025,25907.474,23.835,4.412,22.152,4.521,-1.083,1.212,High income
IDN,Indonesia,2010,3065.683,32.727,5.134,32.88,5.614,15.266,17.344,Upper middle income
IDN,Indonesia,2015,3288.223,30.123,6.363,34.063,4.514,-2.12,-6.249,Upper middle income
IDN,Indonesia,2020,3853.703,29.225,1.92,32.343,4.255,-8.418,-17.605,Upper middle income
IDN,Indonesia,2025,5059.626,35.043,1.913,30.619,3.237,7.034,4.769,Upper middle income
IND,India,2010,1347.519,36.306,11.989,39.786,7.631,19.478,15.812,Lower middle income
IND,India,2015,1583.998,32.454,4.907,32.117,7.629,-5.647,-5.85,Lower middle income
IND,India,2020,1907.043,28.68,6.623,28.922,7.859,-6.956,-12.623,Lower middle income
IND,India,2025,2702.48,34.697,2.399,34.603,4.219,6.458,6.396,Lower middle income
IRL,Ireland,2010,48623.967,17.24,-0.918,17.291,14.534,5.982,0.568,High income
IRL,Ireland,2015,64250.139,32.637,-0.331,26.084,9.908,39.427,32.698,High income
IRL,Ireland,2020,86514.071,34.595,-0.326,42.591,5.623,13.557,0.19,High income
IRL,Ireland,2025,131592.463,NA,2.21,22.932,4.632,9.711,9.479,High income
IRN,Iran,2010,6291.194,NA,10.089,40.262,13.679,7.496,2.344,Lower middle income
IRN,Iran,2015,4952.734,NA,12.485,31.982,11.166,10.07,-21.677,Lower middle income
IRN,Iran,2020,3202.5,NA,30.594,47.921,9.687,-10.015,-20.875,Lower middle income
IRN,Iran,2025,3924.38,NA,42.171,41.773,8.301,-0.628,-13.5,Lower middle income
IRQ,Iraq,2010,4461.752,35.978,2.43,15.868,8.267,-3.763,6.055,Upper middle income
IRQ,Iraq,2015,4440.142,25.072,1.393,20.36,10.865,34.456,-14.076,Upper middle income
IRQ,Iraq,2020,4295.189,24.031,0.574,22.347,15.766,-10.103,-23.945,Upper middle income
IRQ,Iraq,2025,5409.679,NA,0.303,NA,15.485,NA,NA,Upper middle income
ISL,Iceland,2010,43776.468,7.983,5.397,13.834,7.564,0.752,2.308,High income
ISL,Iceland,2015,53505.696,25.49,1.633,19.193,3.979,8.415,12.979,High income
ISL,Iceland,2020,60127.939,22.906,2.848,21.046,5.478,-30.348,-20.224,High income
ISL,Iceland,2025,98323.485,22.983,4.091,26.574,3.625,0.991,7.151,High income
ISR,Israel,2010,31398.927,24.298,2.703,21.564,8.48,15.245,15.119,High income
ISR,Israel,2015,36138.136,26.771,-0.617,22.142,5.176,-1.471,-0.228,High income
ISR,Israel,2020,44590.824,28.769,-0.575,24.981,4.169,-3.873,-7.582,High income
ISR,Israel,2025,60336.848,25.726,3.041,24.347,3.489,5.706,8.166,High income
ITA,Italy,2010,35856.863,17.563,1.526,20.797,8.363,11.552,11.983,High income
ITA,Italy,2015,30639.883,18.521,0.039,17.281,11.896,3.986,6.324,High income
ITA,Italy,2020,32091.487,21.703,-0.138,17.899,9.192,-13.709,-12.481,High income
ITA,Italy,2025,43308.64,23.432,1.532,22.25,6.391,1.239,3.639,High income
JAM,Jamaica,2010,4809.977,NA,12.611,NA,7.63,NA,NA,Upper middle income
JAM,Jamaica,2015,5339.307,NA,3.692,NA,8.825,NA,NA,Upper middle income
JAM,Jamaica,2020,5299.045,NA,5.227,NA,6.501,NA,NA,Upper middle income
JAM,Jamaica,2025,8002.921,NA,4.005,NA,3.286,NA,NA,Upper middle income
JOR,Jordan,2010,4139.043,NA,4.846,NA,12.5,NA,NA,Lower middle income
JOR,Jordan,2015,4441.619,NA,-0.877,NA,13.075,NA,NA,Lower middle income
JOR,Jordan,2020,4411.483,NA,0.333,NA,19.213,NA,NA,Lower middle income
JOR,Jordan,2025,5347.777,NA,1.766,NA,16.535,NA,NA,Lower middle income
JPN,Japan,2010,45378.138,27.325,-0.728,23.572,5.102,24.872,11.273,High income
JPN,Japan,2015,35664.645,29.506,0.795,26.552,3.385,3.235,0.479,High income
JPN,Japan,2020,41098.974,29.733,-0.025,26.886,2.809,-11.711,-6.854,High income
JPN,Japan,2025,35951.045,NA,3.173,NA,2.451,NA,NA,High income
KAZ,Kazakhstan,2010,8793.076,30.389,7.4,25.374,5.77,3.1,2.9,Upper middle income
KAZ,Kazakhstan,2015,10196.123,27.643,6.678,27.908,4.93,-4.1,-0.1,Upper middle income
KAZ,Kazakhstan,2020,8781.508,26.172,6.718,28.807,4.89,-11.3,-9.0,Upper middle income
KAZ,Kazakhstan,2025,14692.133,NA,11.388,NA,4.771,NA,NA,Upper middle income
KEN,Kenya,2010,1091.519,7.117,3.961,21.264,2.793,14.352,10.324,Lower middle income
KEN,Kenya,2015,1489.12,6.804,6.582,22.103,2.762,-2.185,-4.635,Lower middle income
KEN,Kenya,2020,1927.665,15.331,5.405,19.652,5.613,9.521,-2.196,Lower middle income
KEN,Kenya,2025,2362.861,NA,4.069,16.955,5.449,0.118,0.879,Lower middle income
KGZ,Kyrgyzstan,2010,876.954,19.933,7.968,27.402,3.503,NA,NA,Lower middle income
KGZ,Kyrgyzstan,2015,1105.652,12.173,6.503,34.671,4.138,-5.633,-13.193,Lower middle income
KGZ,Kyrgyzstan,2020,1229.518,29.26,6.325,25.03,5.945,-27.171,-27.354,Lower middle income
KGZ,Kyrgyzstan,2025,3080.969,NA,8.215,27.965,3.526,-35.775,-3.575,Lower middle income
KHM,Cambodia,2010,952.275,18.342,3.996,22.317,0.771,19.983,18.276,Lower middle income
KHM,Cambodia,2015,1547.32,22.939,1.224,29.871,0.393,8.625,8.171,Lower middle income
KHM,Cambodia,2020,2081.739,35.761,2.94,31.351,0.172,-12.213,-8.296,Lower middle income
KHM,Cambodia,2025,2872.429,39.162,2.351,31.524,0.263,14.604,12.458,Lower middle income
KIR,Kiribati,2010,1522.101,15.882,-3.9,15.916,NA,-20.801,-7.287,Lower middle income
KIR,Kiribati,2015,1639.853,65.845,0.572,37.769,NA,35.188,18.781,Lower middle income
KIR,Kiribati,2020,1751.872,46.114,2.553,14.697,NA,-33.622,-18.192,Lower middle income
KIR,Kiribati,2025,2558.666,NA,NA,NA,NA,NA,NA,Lower middle income
KNA,Saint Kitts and Nevis,2010,16622.946,NA,0.851,NA,NA,NA,NA,High income
KNA,Saint Kitts and Nevis,2015,20328.8,NA,-2.302,NA,NA,NA,NA,High income
KNA,Saint Kitts and Nevis,2020,18859.019,NA,-1.167,NA,NA,NA,NA,High income
KNA,Saint Kitts and Nevis,2025,25223.026,NA,NA,NA,NA,NA,NA,High income
KOR,South Korea,2010,24071.262,34.993,2.939,32.779,3.324,13.071,17.816,High income
KOR,South Korea,2015,30171.791,35.834,0.706,29.312,3.546,-0.004,1.942,High income
KOR,South Korea,2020,33645.772,35.776,0.537,31.525,3.931,-1.664,-3.26,High income
KOR,South Korea,2025,36226.966,35.599,2.123,29.131,2.683,4.222,3.844,High income
KWT,Kuwait,2010,39212.252,50.688,4.496,17.658,1.82,NA,NA,High income
KWT,Kuwait,2015,29882.213,30.918,3.272,25.428,2.2,-0.868,6.836,High income
KWT,Kuwait,2020,25236.076,22.952,2.102,18.651,3.489,-2.89,-26.396,High income
KWT,Kuwait,2025,32312.312,NA,2.362,NA,2.181,NA,NA,High income
LAO,Laos,2010,1125.916,9.675,5.983,27.462,0.708,15.707,9.241,Lower middle income
LAO,Laos,2015,2121.013,10.747,1.277,31.557,2.006,6.652,4.048,Lower middle income
LAO,Laos,2020,2583.777,NA,5.104,NA,2.349,NA,NA,Lower middle income
LAO,Laos,2025,2324.764,NA,7.742,NA,1.187,NA,NA,Lower middle income
LBN,Lebanon,2010,7625.811,4.933,3.983,24.937,6.768,9.865,5.891,Lower middle income
LBN,Lebanon,2015,7714.11,2.44,-3.749,22.223,9.312,9.923,8.735,Lower middle income
LBN,Lebanon,2020,5561.192,2.235,84.864,8.098,13.252,-53.744,-46.035,Lower middle income
LBN,Lebanon,2025,NA,NA,14.598,NA,NA,NA,NA,Lower middle income
LBR,Liberia,2010,492.253,NA,7.29,NA,2.266,NA,NA,Low income
LBR,Liberia,2015,692.59,NA,7.749,NA,2.557,NA,NA,Low income
LBR,Liberia,2020,616.788,NA,16.956,NA,4.102,NA,NA,Low income
LBR,Liberia,2025,915.329,NA,8.316,NA,2.884,NA,NA,Low income
LBY,Libyan Arab Jamahiriya,2010,11600.907,51.804,2.8,19.801,19.321,310.214,48.248,Upper middle income
LBY,Libyan Arab Jamahiriya,2015,7458.489,5.746,10.402,17.382,19.69,-2.11,-26.262,Upper middle income
LBY,Libyan Arab Jamahiriya,2020,6650.338,-0.399,1.447,9.45,19.651,-66.336,-40.2,Upper middle income
LBY,Libyan Arab Jamahiriya,2025,6448.824,NA,1.842,14.272,18.758,19.141,8.168,Upper middle income
LCA,Saint Lucia,2010,8673.687,NA,3.25,NA,17.118,NA,NA,Upper middle income
LCA,Saint Lucia,2015,10334.986,NA,-0.984,NA,20.84,NA,NA,Upper middle income
LCA,Saint Lucia,2020,8537.115,NA,-1.756,NA,25.224,NA,NA,Upper middle income
LCA,Saint Lucia,2025,14745.818,NA,2.027,NA,9.452,NA,NA,Upper middle income
LKA,Sri Lanka,2010,2808.362,NA,6.218,NA,4.784,NA,NA,Lower middle income
LKA,Sri Lanka,2015,4057.716,32.048,3.768,34.276,4.519,NA,NA,Lower middle income
LKA,Sri Lanka,2020,3847.601,31.353,6.154,32.871,5.364,-29.559,-20.068,Lower middle income
LKA,Sri Lanka,2025,5002.079,NA,-4.764,29.645,4.005,5.06,10.845,Lower middle income
LSO,Lesotho,2010,1119.476,20.19,-2.405,31.301,16.068,0.493,3.871,Lower middle income
LSO,Lesotho,2015,1121.199,24.499,3.218,30.437,16.223,18.496,7.423,Lower middle income
LSO,Lesotho,2020,918.583,20.495,4.978,26.265,18.385,-15.375,-0.573,Lower middle income
LSO,Lesotho,2025,1088.963,13.591,4.27,31.233,16.315,1.519,2.616,Lower middle income
LTU,Lithuania,2010,11829.123,18.06,1.319,17.858,17.814,16.382,16.811,High income
LTU,Lithuania,2015,14269.804,20.045,-0.884,22.555,9.12,2.423,9.502,High income
LTU,Lithuania,2020,20428.648,23.725,1.2,16.52,8.487,0.068,-4.337,High income
LTU,Lithuania,2025,32958.671,23.137,3.792,22.238,6.731,5.295,9.272,High income
LUX,Luxembourg,2010,110885.991,17.935,2.274,18.083,4.423,10.156,14.253,High income
LUX,Luxembourg,2015,105462.013,17.808,0.475,18.959,6.796,5.139,5.708,High income
LUX,Luxembourg,2020,116860.028,20.573,0.82,17.929,6.766,1.902,1.449,High income
LUX,Luxembourg,2025,147252.179,14.104,2.257,15.502,6.343,1.165,1.799,High income
LVA,Latvia,2010,11188.419,22.747,-1.085,20.931,19.482,13.616,12.738,High income
LVA,Latvia,2015,13321.975,24.034,0.174,24.15,9.873,3.055,1.013,High income
LVA,Latvia,2020,17564.232,25.193,0.219,22.155,8.098,-0.298,-1.123,High income
LVA,Latvia,2025,26311.973,20.71,3.746,24.056,6.568,0.074,5.718,High income
MAC,Macao,2010,52596.225,52.171,2.809,13.246,2.84,39.71,16.705,High income
MAC,Macao,2015,69902.961,48.348,4.561,25.398,1.81,-26.563,1.369,High income
MAC,Macao,2020,36883.665,39.205,0.811,26.169,2.542,-65.507,-14.128,High income
MAC,Macao,2025,75901.746,NA,0.333,12.251,2.347,3.998,-2.581,High income
MAR,Morocco,2010,3067.985,35.044,0.994,31.491,9.09,17.851,7.828,Lower middle income
MAR,Morocco,2015,3146.248,28.259,1.558,30.177,9.46,4.325,1.331,Lower middle income
MAR,Morocco,2020,3268.03,27.696,0.706,28.777,11.189,-14.987,-11.887,Lower middle income
MAR,Morocco,2025,4672.468,29.383,0.702,31.871,9.0,6.267,12.722,Lower middle income
MDA,Moldova,2010,2436.799,17.006,7.484,23.852,2.972,13.727,14.257,Upper middle income
MDA,Moldova,2015,2749.551,18.313,9.676,24.062,1.781,2.571,-5.774,Upper middle income
MDA,Moldova,2020,4375.779,16.12,3.766,23.864,1.206,-14.866,-9.547,Upper middle income
MDA,Moldova,2025,8621.717,4.098,7.759,24.186,1.505,4.358,12.553,Upper middle income
MDG,Madagascar,2010,450.009,16.544,9.247,27.027,4.28,5.685,-5.891,Low income
MDG,Madagascar,2015,445.32,12.905,7.404,15.992,1.785,-0.642,6.546,Low income
MDG,Madagascar,2020,450.772,8.178,4.202,17.715,3.292,-36.636,-16.586,Low income
MDG,Madagascar,2025,599.265,NA,8.051,24.149,3.041,0.456,4.022,Low income
MDV,Maldives,2010,7173.596,NA,6.15,NA,10.875,NA,NA,Upper middle income
MDV,Maldives,2015,9644.907,24.631,0.953,31.905,6.611,-3.054,-4.249,Upper middle income
MDV,Maldives,2020,7393.889,-0.287,-1.37,35.512,5.42,-49.238,-43.516,Upper middle income
MDV,Maldives,2025,14614.721,NA,4.006,NA,4.514,NA,NA,Upper middle income
MEX,Mexico,2010,9728.801,19.123,4.157,23.331,5.303,23.08,17.111,Upper middle income
MEX,Mexico,2015,10021.239,18.516,2.721,23.736,4.311,7.029,4.949,Upper middle income
MEX,Mexico,2020,8841.271,22.193,3.397,20.237,4.44,-7.019,-11.991,Upper middle income
MEX,Mexico,2025,13889.234,18.258,3.807,22.611,2.673,6.956,3.102,Upper middle income
MHL,Marshall Islands,2010,3095.458,24.696,NA,42.525,NA,35.489,9.716,Upper middle income
MHL,Marshall Islands,2015,3764.344,27.403,NA,17.394,NA,-0.871,0.2,Upper middle income
MHL,Marshall Islands,2020,5661.968,15.129,NA,20.694,NA,-4.717,-30.677,Upper middle income
MHL,Marshall Islands,2025,8489.058,NA,NA,NA,NA,NA,NA,Upper middle income
MKD,Macedonia,2010,4833.366,23.799,1.51,24.468,33.135,23.68,10.367,Upper middle income
MKD,Macedonia,2015,5262.687,28.679,-0.3,30.404,26.395,8.476,9.945,Upper middle income
MKD,Macedonia,2020,6659.597,27.116,1.2,29.917,16.575,-10.932,-10.861,Upper middle income
MKD,Macedonia,2025,10489.926,27.549,4.072,31.723,12.256,6.123,6.675,Upper middle income
MLI,Mali,2010,797.152,13.558,1.109,23.014,1.375,1.445,29.243,Low income
MLI,Mali,2015,838.12,20.369,1.451,24.895,1.404,15.906,14.502,Low income
MLI,Mali,2020,953.243,18.585,0.438,20.652,3.528,-12.637,-2.863,Low income
MLI,Mali,2025,1193.276,NA,3.278,20.022,2.831,4.423,2.73,Low income
MLT,Malta,2010,21946.607,18.117,1.516,21.864,6.861,17.663,14.983,High income
MLT,Malta,2015,25529.669,25.898,1.101,23.455,5.389,24.04,32.041,High income
MLT,Malta,2020,31823.422,22.294,0.639,20.117,4.856,3.787,3.414,High income
MLT,Malta,2025,47906.9,NA,2.364,18.708,2.896,4.549,4.386,High income
MMR,Myanmar,2010,1010.534,NA,7.718,NA,0.725,NA,NA,Lower middle income
MMR,Myanmar,2015,1166.733,NA,9.454,NA,0.766,NA,NA,Lower middle income
MMR,Myanmar,2020,1490.217,NA,NA,NA,1.476,NA,NA,Lower middle income
MMR,Myanmar,2025,1488.875,NA,NA,NA,3.047,NA,NA,Lower middle income
MNG,Mongolia,2010,2625.219,26.63,10.046,42.087,6.549,NA,NA,Lower middle income
MNG,Mongolia,2015,3838.921,16.401,5.736,24.514,4.861,0.122,-11.444,Lower middle income
MNG,Mongolia,2020,4001.252,16.307,3.724,22.384,6.413,-5.265,-15.497,Lower middle income
MNG,Mongolia,2025,7108.227,NA,8.605,31.413,5.233,6.191,-1.051,Lower middle income
MOZ,Mozambique,2010,496.186,12.196,12.426,23.196,3.259,1.371,1.491,Low income
MOZ,Mozambique,2015,610.564,11.725,3.551,42.246,3.426,-5.41,-15.607,Low income
MOZ,Mozambique,2020,462.434,15.084,3.484,44.827,5.019,-15.159,-4.204,Low income
MOZ,Mozambique,2025,626.914,NA,4.368,24.196,6.628,-4.004,1.355,Low income
MRT,Mauritania,2010,1659.964,NA,6.284,32.251,10.093,3.175,18.716,Lower middle income
MRT,Mauritania,2015,1558.842,21.46,3.255,38.461,10.104,2.596,-7.055,Lower middle income
MRT,Mauritania,2020,1795.724,37.553,2.386,38.659,11.051,-9.166,0.381,Lower middle income
MRT,Mauritania,2025,2197.51,NA,1.548,44.327,10.319,-0.554,4.982,Lower middle income
MUS,Mauritius,2010,8113.177,15.229,2.932,26.728,7.654,14.195,9.291,Upper middle income
MUS,Mauritius,2015,9630.544,16.182,1.287,17.27,7.41,3.775,8.624,Upper middle income
MUS,Mauritius,2020,9135.848,13.362,2.581,17.966,8.626,-20.73,-22.868,Upper middle income
MUS,Mauritius,2025,12991.294,NA,3.674,19.902,5.635,2.073,1.913,Upper middle income
MWI,Malawi,2010,683.125,NA,7.412,NA,4.78,NA,NA,Low income
MWI,Malawi,2015,539.605,NA,21.867,NA,4.953,NA,NA,Low income
MWI,Malawi,2020,602.507,2.675,8.626,16.711,5.72,-4.423,8.146,Low income
MWI,Malawi,2025,671.507,NA,28.37,15.734,5.072,3.0,2.5,Low income
MYS,Malaysia,2010,8899.345,33.466,1.623,23.387,3.32,10.419,15.523,Upper middle income
MYS,Malaysia,2015,9648.68,28.399,2.104,25.424,3.1,0.253,0.803,Upper middle income
MYS,Malaysia,2020,9957.526,23.821,-1.139,19.658,4.54,-8.561,-7.914,Upper middle income
MYS,Malaysia,2025,13124.555,NA,1.381,20.461,3.764,3.073,4.557,Upper middle income
NAM,Namibia,2010,5418.216,18.57,4.875,23.78,22.12,2.766,-10.246,Upper middle income
NAM,Namibia,2015,4774.107,16.289,3.394,30.556,20.791,-11.973,0.376,Upper middle income
NAM,Namibia,2020,3878.59,17.707,2.209,13.929,21.003,-16.553,-15.043,Upper middle income
NAM,Namibia,2025,4875.926,NA,3.511,18.675,19.291,11.812,-3.687,Upper middle income
NER,Niger,2010,474.426,24.289,0.804,32.64,0.718,19.73,11.503,Low income
NER,Niger,2015,485.663,24.17,-0.576,32.357,0.556,-4.708,7.365,Low income
NER,Niger,2020,575.451,19.82,2.898,32.549,0.591,-9.294,1.131,Low income
NER,Niger,2025,775.354,NA,-4.455,21.977,0.394,75.0,21.1,Low income
NGA,Nigeria,2010,2202.257,NA,13.74,NA,3.744,NA,NA,Lower middle income
NGA,Nigeria,2015,2585.734,NA,9.009,NA,4.134,NA,NA,Lower middle income
NGA,Nigeria,2020,2797.185,NA,13.246,NA,5.714,NA,NA,Lower middle income
NGA,Nigeria,2025,1224.254,NA,23.01,NA,3.064,NA,NA,Lower middle income
NIC,Nicaragua,2010,1526.567,15.873,5.455,24.84,7.83,16.315,12.066,Lower middle income
NIC,Nicaragua,2015,2074.456,23.489,3.997,33.477,4.7,-0.984,12.002,Lower middle income
NIC,Nicaragua,2020,1938.447,23.752,3.682,20.337,6.18,-8.752,0.955,Lower middle income
NIC,Nicaragua,2025,3173.337,NA,2.081,25.759,5.04,5.841,11.11,Lower middle income
NLD,Netherlands,2010,51305.734,26.445,1.275,20.037,4.991,9.679,8.444,High income
NLD,Netherlands,2015,45793.814,26.976,0.6,22.17,6.872,8.371,15.403,High income
NLD,Netherlands,2020,53467.928,27.057,1.272,21.352,3.82,-3.831,-4.138,High income
NLD,Netherlands,2025,73683.917,NA,3.26,19.82,3.874,2.431,2.416,High income
NOR,Norway,2010,90020.342,33.888,2.419,24.008,3.527,0.46,8.077,High income
NOR,Norway,2015,77220.952,31.468,2.171,25.577,4.296,3.971,1.971,High income
NOR,Norway,2020,71057.588,26.464,1.287,29.022,4.424,-2.431,-9.903,High income
NOR,Norway,2025,94594.193,37.254,3.056,23.213,4.637,2.391,2.58,High income
NPL,Nepal,2010,585.278,37.75,9.327,38.271,10.563,-10.439,28.258,Lower middle income
NPL,Nepal,2015,875.544,40.088,7.869,31.277,10.643,2.316,9.583,Lower middle income
NPL,Nepal,2020,1154.215,32.816,5.056,30.44,13.037,-15.882,-20.848,Lower middle income
NPL,Nepal,2025,1535.878,NA,2.653,29.404,10.465,22.231,6.295,Lower middle income
NRU,Nauru,2010,4735.92,NA,NA,NA,NA,NA,NA,High income
NRU,Nauru,2015,7747.256,NA,NA,NA,NA,NA,NA,High income
NRU,Nauru,2020,10709.069,NA,NA,NA,NA,NA,NA,High income
NRU,Nauru,2025,14639.505,NA,NA,NA,NA,NA,NA,High income
NZL,New Zealand,2010,33761.901,17.733,2.302,20.376,6.557,2.821,11.495,High income
NZL,New Zealand,2015,38648.73,20.883,0.293,23.285,5.415,6.242,2.274,High income
NZL,New Zealand,2020,42054.674,20.682,1.715,23.259,4.595,-17.631,-15.909,High income
NZL,New Zealand,2025,49591.041,NA,2.84,NA,5.076,NA,NA,High income
OMN,Oman,2010,23570.18,36.903,3.257,29.387,3.911,14.649,22.967,High income
OMN,Oman,2015,18808.308,22.479,0.065,36.372,3.403,-1.253,-0.35,High income
OMN,Oman,2020,16784.863,11.346,-0.406,27.621,2.94,-14.63,-8.918,High income
OMN,Oman,2025,19947.397,NA,0.968,NA,3.251,NA,NA,High income
PAK,Pakistan,2010,987.305,14.59,12.939,15.962,0.653,7.854,-2.272,Lower middle income
PAK,Pakistan,2015,1380.47,14.944,2.529,15.811,3.566,-3.829,-0.995,Lower middle income
PAK,Pakistan,2020,1278.397,14.542,9.74,14.816,5.994,1.515,-5.064,Lower middle income
PAK,Pakistan,2025,1595.909,15.23,3.546,14.283,5.42,0.607,2.533,Lower middle income
PAN,Panama,2010,8331.464,24.753,3.491,37.341,5.845,5.774,18.64,High income
PAN,Panama,2015,14082.655,34.082,0.137,42.266,4.335,0.352,-1.061,High income
PAN,Panama,2020,13290.561,24.664,-1.55,23.955,14.663,-18.014,-26.489,High income
PAN,Panama,2025,19789.731,NA,-0.19,NA,8.36,NA,NA,High income
PER,Peru,2010,5072.115,22.446,1.528,23.761,3.6,3.232,26.58,Upper middle income
PER,Peru,2015,6231.712,20.614,3.398,24.305,3.272,4.262,0.972,Upper middle income
PER,Peru,2020,6133.326,19.846,2.002,18.191,7.179,-15.992,-15.55,Upper middle income
PER,Peru,2025,9684.412,24.048,1.531,20.339,5.117,5.922,13.017,Upper middle income
PHL,Philippines,2010,2162.914,39.751,3.79,20.442,3.605,20.308,20.747,Lower middle income
PHL,Philippines,2015,2909.858,35.635,0.674,21.341,3.068,9.967,15.009,Lower middle income
PHL,Philippines,2020,3227.579,24.818,2.393,17.433,2.522,-16.143,-21.554,Lower middle income
PHL,Philippines,2025,4170.723,30.113,1.659,22.141,2.235,8.243,5.042,Lower middle income
PLW,Palau,2010,10018.065,2.668,1.442,26.11,NA,5.809,0.163,Upper middle income
PLW,Palau,2015,15938.365,4.742,0.949,28.416,NA,13.254,2.53,Upper middle income
PLW,Palau,2020,14556.31,-7.228,0.218,42.155,NA,-42.961,-0.319,Upper middle income
PLW,Palau,2025,19532.356,NA,-0.418,NA,NA,NA,NA,Upper middle income
PNG,Papua New Guinea,2010,1866.869,NA,6.014,NA,2.002,NA,NA,Lower middle income
PNG,Papua New Guinea,2015,2484.596,NA,5.996,NA,2.507,NA,NA,Lower middle income
PNG,Papua New Guinea,2020,2429.611,NA,4.872,NA,2.903,NA,NA,Lower middle income
PNG,Papua New Guinea,2025,3019.531,NA,4.421,NA,2.571,NA,NA,Lower middle income
POL,Poland,2010,12567.732,15.698,2.581,20.859,9.578,12.59,14.709,High income
POL,Poland,2015,12637.522,19.501,-0.874,20.802,7.475,6.609,5.602,High income
POL,Poland,2020,16150.93,21.226,3.374,18.839,3.155,-1.076,-2.461,High income
POL,Poland,2025,28419.578,17.089,3.814,17.887,2.976,4.481,5.624,High income
PRI,Puerto Rico,2010,26414.881,NA,NA,9.16,16.1,NA,NA,High income
PRI,Puerto Rico,2015,29242.041,NA,NA,8.599,12.0,NA,NA,High income
PRI,Puerto Rico,2020,31427.103,NA,NA,10.881,8.89,NA,NA,High income
PRI,Puerto Rico,2025,40620.153,NA,NA,14.234,5.991,NA,NA,High income
PRT,Portugal,2010,22551.935,10.688,1.403,21.199,10.771,9.178,7.789,High income
PRT,Portugal,2015,19215.781,15.888,0.488,15.938,12.405,6.252,8.066,High income
PRT,Portugal,2020,22299.404,18.368,-0.012,19.419,6.85,-18.335,-11.59,High income
PRT,Portugal,2025,32081.811,NA,2.336,21.036,6.164,0.415,4.292,High income
PRY,Paraguay,2010,4750.963,23.288,4.651,23.835,4.569,23.646,34.845,Upper middle income
PRY,Paraguay,2015,5879.338,21.65,3.129,21.879,4.556,3.204,-2.988,Upper middle income
PRY,Paraguay,2020,5365.472,22.353,1.768,20.041,7.548,-9.012,-15.182,Upper middle income
PRY,Paraguay,2025,7026.619,22.2,4.038,25.287,4.803,3.739,8.908,Upper middle income
QAT,Qatar,2010,77387.294,NA,-2.425,31.277,0.45,27.298,1.699,High income
QAT,Qatar,2015,68985.295,45.569,1.814,37.067,0.17,-1.392,-9.173,High income
QAT,Qatar,2020,51683.505,41.782,-2.54,43.849,0.14,-1.545,-8.871,High income
QAT,Qatar,2025,72524.907,NA,NA,NA,0.13,NA,NA,High income
RUS,Russian Federation,2010,10674.99,26.284,6.849,22.615,7.407,7.0,25.8,Upper middle income
RUS,Russian Federation,2015,9277.714,26.367,15.534,22.149,5.615,3.673,-25.039,Upper middle income
RUS,Russian Federation,2020,10108.327,25.768,3.382,23.456,5.62,-4.171,-11.881,Upper middle income
RUS,Russian Federation,2025,17546.609,28.64,8.72,25.892,2.133,NA,NA,Upper middle income
RWA,Rwanda,2010,586.6,13.509,-0.246,20.798,11.637,8.434,2.355,Low income
RWA,Rwanda,2015,725.691,9.986,2.529,24.52,11.831,6.25,23.052,Low income
RWA,Rwanda,2020,802.639,15.19,9.85,18.186,11.829,-9.576,-3.634,Low income
RWA,Rwanda,2025,1123.739,NA,5.913,34.126,11.363,-15.543,-8.956,Low income
SAU,Saudi Arabia,2010,22028.39,45.015,5.339,30.926,5.55,4.354,6.565,High income
SAU,Saudi Arabia,2015,23256.155,24.842,1.223,32.434,5.6,0.484,-2.477,High income
SAU,Saudi Arabia,2020,24338.831,19.989,3.372,23.316,7.66,-9.919,-19.931,High income
SAU,Saudi Arabia,2025,34536.656,28.897,2.084,31.625,3.038,8.904,4.675,High income
SDN,Sudan,2010,1305.636,28.101,12.978,20.399,15.168,9.0,6.773,Low income
SDN,Sudan,2015,1292.38,8.106,16.91,12.808,14.39,-2.0,8.601,Low income
SDN,Sudan,2020,577.795,4.65,163.258,5.787,11.995,5.234,-9.0,Low income
SDN,Sudan,2025,1164.54,NA,NA,0.734,NA,75.0,35.0,Low income
SEN,Senegal,2010,1275.884,16.283,1.229,20.087,2.795,-0.802,-1.388,Lower middle income
SEN,Senegal,2015,1218.006,20.54,0.135,25.833,6.757,9.362,7.737,Lower middle income
SEN,Senegal,2020,1461.087,24.739,2.543,35.633,3.432,-13.23,6.978,Lower middle income
SEN,Senegal,2025,1954.712,NA,1.459,26.877,2.735,28.936,-0.473,Lower middle income
SGP,Singapore,2010,47236.683,50.592,2.829,27.658,4.12,17.788,16.307,High income
SGP,Singapore,2015,55645.607,44.046,-0.522,25.353,3.79,4.968,3.381,High income
SGP,Singapore,2020,61772.504,42.081,-0.172,22.931,4.1,-0.64,-2.101,High income
SGP,Singapore,2025,98813.979,39.976,0.903,22.486,2.818,10.787,11.857,High income
SLB,Solomon Islands,2010,1685.145,13.789,1.051,17.944,1.617,32.725,52.229,Lower middle income
SLB,Solomon Islands,2015,2045.477,11.436,-0.574,15.945,0.736,-6.465,0.776,Lower middle income
SLB,Solomon Islands,2020,2063.328,18.634,2.964,16.724,0.868,-21.846,-37.05,Lower middle income
SLB,Solomon Islands,2025,2086.19,NA,3.365,NA,1.431,NA,NA,Lower middle income
SLE,Sierra Leone,2010,685.04,34.038,7.186,34.434,4.34,19.427,21.9,Low income
SLE,Sierra Leone,2015,964.576,9.079,6.689,18.061,4.483,-22.533,-24.408,Low income
SLE,Sierra Leone,2020,845.278,10.555,13.447,15.341,3.509,-0.538,-23.827,Low income
SLE,Sierra Leone,2025,846.296,NA,7.488,23.197,3.15,8.3,11.7,Low income
SLV,El Salvador,2010,3040.073,13.783,1.179,16.672,4.893,13.432,8.935,Upper middle income
SLV,El Salvador,2015,3790.341,12.326,-0.731,16.017,3.998,3.28,4.66,Upper middle income
SLV,El Salvador,2020,3997.193,18.293,-0.372,17.212,5.008,-24.069,-14.427,Upper middle income
SLV,El Salvador,2025,5766.726,22.79,0.258,26.332,3.303,3.741,11.239,Upper middle income
SMR,San Marino,2010,56543.191,NA,2.585,NA,NA,NA,NA,High income
SMR,San Marino,2015,43146.804,NA,0.146,12.086,NA,NA,NA,High income
SMR,San Marino,2020,44426.626,31.469,-0.133,18.051,NA,-7.136,-9.245,High income
SMR,San Marino,2025,NA,NA,2.295,NA,NA,NA,NA,High income
SOM,Somalia,2010,219.202,NA,NA,NA,18.741,NA,NA,Low income
SOM,Somalia,2015,445.583,NA,NA,13.148,18.495,7.139,5.436,Low income
SOM,Somalia,2020,518.161,NA,NA,16.006,19.414,1.802,4.878,Low income
SOM,Somalia,2025,661.174,NA,NA,28.114,18.948,-1.201,4.1,Low income
STP,Sao Tome and Principe,2010,1045.21,-32.818,13.34,25.716,14.628,22.591,22.452,Lower middle income
STP,Sao Tome and Principe,2015,1298.109,-19.997,5.246,14.55,10.591,19.189,-4.739,Lower middle income
STP,Sao Tome and Principe,2020,2167.22,-4.388,9.819,11.805,9.679,-32.559,-13.381,Lower middle income
STP,Sao Tome and Principe,2025,4084.401,NA,11.047,8.742,9.132,-12.185,23.284,Lower middle income
SUR,Suriname,2010,7943.605,50.34,6.941,36.204,7.15,NA,NA,Upper middle income
SUR,Suriname,2015,8813.617,NA,6.894,NA,7.22,NA,NA,Upper middle income
SUR,Suriname,2020,4755.392,NA,34.89,NA,8.973,NA,NA,Upper middle income
SUR,Suriname,2025,7069.872,NA,9.205,NA,7.834,NA,NA,Upper middle income
SVK,Slovakia,2010,16899.449,21.468,0.957,25.378,14.387,18.037,17.601,High income
SVK,Slovakia,2015,16442.076,24.729,-0.325,25.778,11.492,6.752,9.139,High income
SVK,Slovakia,2020,19735.486,19.643,1.937,20.227,6.719,-6.355,-7.903,High income
SVK,Slovakia,2025,28543.665,16.229,4.0,20.084,5.359,3.983,3.713,High income
SVN,Slovenia,2010,23329.842,22.312,1.801,22.56,7.236,10.323,6.952,High income
SVN,Slovenia,2015,20697.275,23.617,-0.526,19.469,8.962,5.43,5.273,High income
SVN,Slovenia,2020,25392.065,27.853,-0.055,20.19,4.971,-8.531,-9.117,High income
SVN,Slovenia,2025,37376.222,25.496,2.373,22.029,3.175,0.303,2.115,High income
SWE,Sweden,2010,52542.576,28.375,1.158,22.422,8.61,11.051,12.176,High income
SWE,Sweden,2015,51188.165,26.161,-0.047,23.791,7.432,5.09,5.792,High income
SWE,Sweden,2020,52568.573,29.982,0.497,24.421,8.291,-5.428,-6.302,High income
SWE,Sweden,2025,63133.213,30.618,0.68,25.467,8.694,3.933,4.34,High income
SWZ,Swaziland,2010,3922.74,NA,4.509,NA,26.856,NA,NA,Lower middle income
SWZ,Swaziland,2015,3419.823,30.668,4.951,17.222,23.431,-1.847,-2.102,Lower middle income
SWZ,Swaziland,2020,3466.569,22.503,NA,15.29,32.978,-5.154,-5.309,Lower middle income
SWZ,Swaziland,2025,4108.252,NA,NA,NA,34.202,NA,NA,Lower middle income
SYC,Seychelles,2010,10934.795,16.566,-2.405,37.031,NA,-4.751,9.078,High income
SYC,Seychelles,2015,15333.105,11.879,4.042,26.88,NA,-1.037,-7.095,High income
SYC,Seychelles,2020,14041.475,-3.578,1.203,21.321,NA,-28.432,-15.239,High income
SYC,Seychelles,2025,19449.384,NA,0.298,18.711,NA,5.403,3.798,High income
SYR,Syria,2010,2730.615,15.842,4.397,NA,8.61,11.188,15.115,Low income
SYR,Syria,2015,847.732,NA,38.461,NA,14.244,-4.455,-1.588,Low income
SYR,Syria,2020,593.912,NA,NA,NA,15.179,47.102,-11.772,Low income
SYR,Syria,2025,NA,NA,NA,NA,13.569,NA,NA,Low income
TCD,Chad,2010,1141.801,NA,-2.078,21.854,0.911,4.933,9.981,Low income
TCD,Chad,2015,993.991,NA,4.377,22.892,1.032,42.648,8.538,Low income
TCD,Chad,2020,866.948,NA,4.464,22.787,1.695,0.065,-13.482,Low income
TCD,Chad,2025,1022.336,NA,-3.912,20.357,1.057,13.823,11.765,Low income
TGO,Togo,2010,750.323,11.501,1.446,15.84,2.379,14.31,11.014,Low income
TGO,Togo,2015,813.895,17.425,2.585,25.185,2.204,-1.775,10.073,Low income
TGO,Togo,2020,961.22,19.526,1.699,19.811,2.231,1.884,4.488,Low income
TGO,Togo,2025,1383.9,NA,0.433,NA,1.995,NA,NA,Low income
THA,Thailand,2010,4973.863,29.628,3.248,25.357,0.622,14.22,22.956,Upper middle income
THA,Thailand,2015,5688.853,28.044,-0.898,22.356,0.597,1.25,0.004,Upper middle income
THA,Thailand,2020,6983.034,28.259,-0.846,23.764,1.099,-19.967,-13.911,Upper middle income
THA,Thailand,2025,8056.564,23.935,-0.134,22.071,0.781,9.215,6.654,Upper middle income
TJK,Tajikistan,2010,737.339,11.776,6.445,23.846,7.037,23.0,8.0,Lower middle income
TJK,Tajikistan,2015,956.916,41.67,5.715,44.689,7.033,0.0,0.006,Lower middle income
TJK,Tajikistan,2020,834.312,36.065,NA,33.475,7.576,21.8,-0.4,Lower middle income
TJK,Tajikistan,2025,1637.254,NA,NA,NA,6.931,NA,NA,Lower middle income
TKM,Turkmenistan,2010,4058.539,NA,NA,NA,4.0,NA,NA,Upper middle income
TKM,Turkmenistan,2015,5759.498,NA,NA,NA,4.016,NA,NA,Upper middle income
TKM,Turkmenistan,2020,3935.377,NA,NA,NA,4.489,NA,NA,Upper middle income
TKM,Turkmenistan,2025,6540.179,NA,NA,NA,4.267,NA,NA,Upper middle income
TON,Tonga,2010,3416.084,15.27,3.535,29.155,1.501,-6.383,2.61,Upper middle income
TON,Tonga,2015,4123.903,9.122,-1.054,25.361,2.022,8.234,22.666,Upper middle income
TON,Tonga,2020,4792.359,20.793,-0.35,24.573,2.712,-3.13,-5.296,Upper middle income
TON,Tonga,2025,6547.186,NA,5.593,NA,2.008,NA,NA,Upper middle income
TTO,Trinidad and Tobago,2010,16815.425,NA,10.549,23.142,4.033,NA,NA,High income
TTO,Trinidad and Tobago,2015,19887.233,NA,4.661,25.511,2.428,NA,NA,High income
TTO,Trinidad and Tobago,2020,15283.627,NA,0.599,20.515,4.206,NA,NA,High income
TTO,Trinidad and Tobago,2025,18967.27,NA,0.994,NA,3.329,NA,NA,High income
TUN,Tunisia,2010,4291.861,21.428,3.339,25.836,13.049,26.769,45.809,Lower middle income
TUN,Tunisia,2015,4014.948,12.945,4.437,21.739,15.159,-4.648,-2.246,Lower middle income
TUN,Tunisia,2020,3548.654,5.62,5.634,12.688,17.651,-20.04,-16.554,Lower middle income
TUN,Tunisia,2025,4656.638,NA,5.151,15.232,15.108,6.975,10.089,Lower middle income
TUR,Turkey,2010,10698.97,24.044,8.566,28.452,11.879,2.321,19.337,Upper middle income
TUR,Turkey,2015,11064.649,27.792,7.671,30.063,10.304,5.056,2.134,Upper middle income
TUR,Turkey,2020,8798.118,30.093,12.279,34.154,13.148,-16.413,6.843,Upper middle income
TUR,Turkey,2025,18599.442,NA,34.881,31.667,8.52,-0.319,4.934,Upper middle income
TUV,Tuvalu,2010,3054.962,NA,NA,NA,NA,NA,NA,Upper middle income
TUV,Tuvalu,2015,3352.667,NA,NA,NA,NA,NA,NA,Upper middle income
TUV,Tuvalu,2020,5029.572,NA,NA,NA,NA,NA,NA,Upper middle income
TUV,Tuvalu,2025,6041.449,NA,NA,NA,NA,NA,NA,Upper middle income
TZA,Tanzania,2010,736.53,25.073,6.2,32.017,3.03,6.326,14.582,Lower middle income
TZA,Tanzania,2015,939.127,25.695,5.588,32.759,2.009,1.348,-5.222,Lower middle income
TZA,Tanzania,2020,1117.415,36.434,3.29,38.746,1.792,-8.602,-7.584,Lower middle income
TZA,Tanzania,2025,1318.819,NA,3.327,40.682,1.572,-5.022,2.526,Lower middle income
UGA,Uganda,2010,823.488,18.691,3.977,27.104,3.623,-8.961,-2.081,Low income
UGA,Uganda,2015,862.935,16.579,5.59,23.86,2.681,-2.37,14.157,Low income
UGA,Uganda,2020,845.766,21.809,3.313,24.216,3.819,-1.17,0.443,Low income
UGA,Uganda,2025,1206.305,NA,3.581,22.646,2.746,23.604,11.682,Low income
UKR,Ukraine,2010,3039.632,13.944,9.373,18.372,8.1,2.311,10.001,Lower middle income
UKR,Ukraine,2015,2094.474,21.457,48.7,15.933,9.14,-13.165,-16.672,Lower middle income
UKR,Ukraine,2020,3709.769,12.22,2.732,8.932,9.475,-5.81,-6.353,Lower middle income
UKR,Ukraine,2025,5865.885,NA,12.73,20.779,NA,-12.82,8.321,Lower middle income
URY,Uruguay,2010,12641.058,17.147,6.699,19.408,7.158,7.179,13.578,High income
URY,Uruguay,2015,17125.902,15.207,8.666,19.705,7.488,-0.6,-7.265,High income
URY,Uruguay,2020,15757.534,15.612,9.756,16.234,10.413,-14.311,-11.195,High income
URY,Uruguay,2025,25215.824,15.525,4.65,16.178,7.516,1.904,4.105,High income
USA,United States,2010,48642.631,15.383,1.64,18.672,9.633,12.649,12.969,High income
USA,United States,2015,56849.47,19.698,0.119,21.415,5.28,0.32,5.191,High income
USA,United States,2020,64465.297,18.384,1.234,21.438,8.055,-12.623,-8.823,High income
USA,United States,2025,90026.516,NA,NA,NA,4.198,NA,NA,High income
UZB,Uzbekistan,2010,1956.781,27.917,NA,25.544,5.36,8.035,-4.156,Lower middle income
UZB,Uzbekistan,2015,3172.899,21.845,8.752,24.425,5.15,2.162,-10.562,Lower middle income
UZB,Uzbekistan,2020,2087.964,31.661,12.868,35.619,5.293,-20.107,-14.856,Lower middle income
UZB,Uzbekistan,2025,3968.272,29.538,8.796,33.278,4.622,2.515,7.678,Lower middle income
VCT,Saint Vincent and the Grenadines,2010,6551.968,NA,0.747,NA,19.924,NA,NA,Upper middle income
VCT,Saint Vincent and the Grenadines,2015,7353.736,NA,-1.734,NA,19.135,NA,NA,Upper middle income
VCT,Saint Vincent and the Grenadines,2020,8351.203,NA,-0.628,NA,20.635,NA,NA,Upper middle income
VCT,Saint Vincent and the Grenadines,2025,12561.769,NA,0.815,NA,18.003,NA,NA,Upper middle income
VEN,Venezuela,2010,13646.305,98.537,28.187,0.0,7.112,-12.877,-2.891,Not classified
VEN,Venezuela,2015,4096.62,34.328,121.738,19.434,6.139,-1.08,-23.447,Not classified
VEN,Venezuela,2020,1506.042,NA,NA,9.206,7.53,-59.516,-52.633,Not classified
VEN,Venezuela,2025,3494.814,NA,NA,5.927,5.307,4.425,-16.878,Not classified
VNM,Vietnam,2010,1683.162,33.436,9.207,37.099,1.114,8.45,8.223,Lower middle income
VNM,Vietnam,2015,2577.569,28.073,0.631,32.109,1.848,13.866,15.723,Lower middle income
VNM,Vietnam,2020,3534.04,33.007,3.221,31.916,2.103,4.063,3.284,Lower middle income
VNM,Vietnam,2025,5065.991,NA,3.31,30.795,1.523,16.275,17.122,Lower middle income
VUT,Vanuatu,2010,2815.188,17.796,2.763,37.007,4.681,1.024,-0.003,Lower middle income
VUT,Vanuatu,2015,3214.419,13.801,2.483,28.232,5.168,6.354,26.389,Lower middle income
VUT,Vanuatu,2020,3404.304,4.929,5.329,18.673,4.046,-66.391,21.881,Lower middle income
VUT,Vanuatu,2025,4038.735,NA,0.656,NA,5.073,NA,NA,Lower middle income
WSM,Samoa,2010,3524.248,29.51,0.777,14.645,5.621,-1.652,4.751,Lower middle income
WSM,Samoa,2015,4084.361,30.886,0.724,35.862,8.901,1.215,-4.02,Lower middle income
WSM,Samoa,2020,4099.597,33.661,-1.569,33.191,7.467,-20.512,-1.919,Lower middle income
WSM,Samoa,2025,5872.783,30.028,2.212,30.036,4.996,-2.559,-2.894,Lower middle income
YEM,Yemen,2010,1155.203,8.25,11.175,11.661,12.777,14.051,-6.811,Low income
YEM,Yemen,2015,1362.174,-5.09,NA,1.656,17.9,-68.382,-43.812,Low income
YEM,Yemen,2020,NA,NA,NA,NA,17.963,NA,NA,Low income
YEM,Yemen,2025,NA,NA,NA,NA,17.322,NA,NA,Low income
ZAF,South Africa,2010,7973.472,17.142,4.067,17.596,24.683,7.718,10.794,Upper middle income
ZAF,South Africa,2015,6112.274,14.289,4.519,18.633,25.149,3.06,5.045,Upper middle income
ZAF,South Africa,2020,5580.604,14.308,3.232,12.346,29.217,-12.004,-17.572,Upper middle income
ZAF,South Africa,2025,6597.715,12.907,3.206,13.871,32.391,-2.453,1.144,Upper middle income
ZMB,Zambia,2010,1451.106,31.433,8.502,29.878,13.19,17.244,43.937,Lower middle income
ZMB,Zambia,2015,1295.878,37.724,10.111,42.805,5.951,NA,NA,Lower middle income
ZMB,Zambia,2020,951.644,44.95,15.733,32.245,6.032,NA,NA,Lower middle income
ZMB,Zambia,2025,1317.878,NA,13.91,NA,5.918,NA,NA,Lower middle income
ZWE,Zimbabwe,2010,902.011,1.507,3.023,18.763,5.469,45.779,21.116,Lower middle income
ZWE,Zimbabwe,2015,1387.126,-0.991,-2.431,10.036,5.399,48.411,80.606,Lower middle income
ZWE,Zimbabwe,2020,2059.637,9.777,557.202,7.345,8.617,-48.949,-44.099,Lower middle income
ZWE,Zimbabwe,2025,3021.43,NA,NA,NA,9.293,NA,NA,Lower middle income
