code,year,country,gdp_percapita,gross_savings,inflation_rate,total_investment,unemployment_rate,exports,imports,income_group
ABW,2010,Aruba,24093.14,4.649,2.078,28.283,,,,High income
ABW,2015,Aruba,27458.22,15.266,0.475,21.539,,,,High income
ABW,2020,Aruba,22664.371,3.585,,23.931,,,,High income
ABW,2025,Aruba,,,,,,,,High income
AFG,2010,Afghanistan,560.622,,2.179,,7.809,,,Low income
AFG,2015,Afghanistan,565.57,,-0.662,,9.032,,,Low income
AFG,2020,Afghanistan,510.787,-2.738,5.602,11.5,11.71,,,Low income
AFG,2025,Afghanistan,,,,,13.351,,,Low income
AGO,2010,Angola,4101.637,37.633,14.47,29.764,16.595,-2.379,-11.738,Lower middle income
AGO,2015,Angola,3641.729,21.127,9.356,29.109,16.472,2.0,-23.91,Lower middle income
AGO,2020,Angola,1749.179,21.064,22.272,19.758,16.696,-8.0,4.9,Lower middle income
AGO,2025,Angola,3129.477,,20.162,,14.108,,,Lower middle income
ALB,2010,Albania,4149.145,21.289,3.627,32.493,14.086,19.194,-0.573,Upper middle income
ALB,2015,Albania,4199.539,19.28,1.896,27.813,17.193,-2.253,-2.674,Upper middle income
ALB,2020,Albania,6027.914,17.66,1.621,26.218,11.639,-27.726,-19.79,Upper middle income
ALB,2025,Albania,12998.148,22.81,2.146,,10.926,7.421,3.616,Upper middle income
ARE,2010,United Arab Emirates,44795.285,,0.878,28.919,2.798,6.26,-20.383,High income
ARE,2015,United Arab Emirates,44910.346,,4.07,21.643,1.793,2.725,-5.534,High income
ARE,2020,United Arab Emirates,37991.738,,-2.079,22.827,4.294,3.849,5.146,High income
ARE,2025,United Arab Emirates,,,1.251,,2.174,,,High income
ARG,2010,Argentina,10260.131,17.332,,17.706,7.714,13.897,35.204,Upper middle income
ARG,2015,Argentina,13679.626,14.306,,17.071,7.577,-2.777,4.711,Upper middle income
ARG,2020,Argentina,8535.599,15.012,42.015,14.415,11.461,-17.438,-17.211,Upper middle income
ARG,2025,Argentina,14898.089,13.376,,16.114,7.145,7.558,26.974,Upper middle income
ARM,2010,Armenia,3041.345,13.201,8.176,38.815,19.523,26.5,12.8,Upper middle income
ARM,2015,Armenia,3512.394,18.454,3.732,20.731,18.261,4.9,-15.3,Upper middle income
ARM,2020,Armenia,4268.681,15.647,1.211,19.664,18.175,-33.9,-31.9,Upper middle income
ARM,2025,Armenia,9474.018,16.915,3.307,24.211,12.871,-30.5,-23.7,Upper middle income
ATG,2010,Antigua and Barbuda,15217.395,,3.37,,,,,High income
ATG,2015,Antigua and Barbuda,16077.634,,0.969,,,,,High income
ATG,2020,Antigua and Barbuda,15369.608,,0.626,,,,,High income
ATG,2025,Antigua and Barbuda,24819.245,,1.369,,,,,High income
AUS,2010,Australia,52313.894,21.709,2.918,26.698,5.214,4.71,6.993,High income
AUS,2015,Australia,56970.361,22.521,1.508,26.167,6.055,6.891,1.63,High income
AUS,2020,Australia,51983.452,23.233,0.847,22.345,6.394,-1.708,-6.568,High income
AUS,2025,Australia,65129.723,22.156,2.874,24.461,4.09,0.792,3.072,High income
AUT,2010,Austria,46611.139,25.902,1.814,22.859,4.883,13.131,11.978,High income
AUT,2015,Austria,43915.228,25.676,0.897,24.012,5.802,3.027,3.639,High income
AUT,2020,Austria,48716.41,29.212,1.382,25.653,5.201,-10.489,-9.574,High income
AUT,2025,Austria,62930.035,25.809,3.527,23.659,5.582,0.295,1.719,High income
AZE,2010,Azerbaijan,5843.534,44.73,5.727,18.06,5.63,24.2,1.346,Upper middle income
AZE,2015,Azerbaijan,5500.504,28.122,4.028,27.914,4.96,,,Upper middle income
AZE,2020,Azerbaijan,4229.911,23.569,2.76,23.666,7.24,,,Upper middle income
AZE,2025,Azerbaijan,7410.723,23.464,5.622,18.888,5.457,,,Upper middle income
BDI,2010,Burundi,216.728,3.213,6.493,,1.615,,,Low income
BDI,2015,Burundi,254.403,2.954,5.545,,1.449,,,Low income
BDI,2020,Burundi,252.702,24.598,7.321,,1.03,,,Low income
BDI,2025,Burundi,233.823,43.06,34.134,,0.922,,,Low income
BEL,2010,Belgium,44197.394,24.399,2.189,22.394,8.293,10.435,9.627,High income
BEL,2015,Belgium,40893.805,23.96,0.561,23.322,8.482,3.67,4.201,High income
BEL,2020,Belgium,45906.288,24.989,0.741,24.069,5.545,-5.958,-6.724,High income
BEL,2025,Belgium,60750.274,23.701,2.467,25.747,5.906,-0.288,0.145,High income
BEN,2010,Benin,973.244,11.387,2.208,15.608,1.04,4.798,7.35,Lower middle income
BEN,2015,Benin,1002.419,14.098,0.219,20.732,1.886,-20.096,-0.968,Lower middle income
BEN,2020,Benin,1200.194,21.577,3.023,25.634,1.518,-24.965,-19.793,Lower middle income
BEN,2025,Benin,1658.273,,1.102,35.826,1.589,-0.622,0.865,Lower middle income
BFA,2010,Burkina Faso,624.957,15.839,-0.764,21.99,3.725,43.174,24.997,Low income
BFA,2015,Burkina Faso,630.125,11.859,0.725,19.407,4.472,1.549,11.17,Low income
BFA,2020,Burkina Faso,825.237,20.556,1.885,17.162,4.59,11.896,1.535,Low income
BFA,2025,Burkina Faso,1147.571,,-0.586,17.222,3.477,7.438,7.416,Low income
BGD,2010,Bangladesh,757.385,38.782,8.127,26.247,3.379,0.942,0.686,Lower middle income
BGD,2015,Bangladesh,1224.386,36.731,6.194,28.887,4.397,-2.83,3.203,Lower middle income
BGD,2020,Bangladesh,2248.851,37.189,5.691,31.308,5.539,-17.502,-11.41,Lower middle income
BGD,2025,Bangladesh,2597.344,34.813,8.769,28.541,3.778,9.969,6.773,Lower middle income
BGR,2010,Bulgaria,6854.299,20.6,2.439,22.518,10.279,12.554,9.616,Upper middle income
BGR,2015,Bulgaria,7269.026,20.935,-0.105,21.0,9.143,8.613,5.028,Upper middle income
BGR,2020,Bulgaria,10760.762,20.702,1.672,20.152,5.037,11.575,10.693,Upper middle income
BGR,2025,Bulgaria,20328.167,16.722,4.581,21.717,3.536,0.0,0.0,Upper middle income
BHR,2010,Bahrain,21819.329,31.466,1.962,28.598,1.13,2.63,17.306,High income
BHR,2015,Bahrain,23734.055,23.781,1.849,25.625,1.164,-0.845,-5.669,High income
BHR,2020,Bahrain,24342.844,28.242,-2.318,37.296,1.765,-2.548,-0.702,High income
BHR,2025,Bahrain,30596.579,,-0.138,,1.102,,,High income
BHS,2010,Bahamas,27473.1,23.448,1.344,27.986,14.435,1.275,-0.392,High income
BHS,2015,Bahamas,30719.405,20.903,1.861,24.611,12.0,1.396,-5.937,High income
BHS,2020,Bahamas,26178.754,8.754,0.039,23.071,12.016,-45.289,-27.373,High income
BHS,2025,Bahamas,,,,,9.207,,,High income
BIH,2010,Bosnia and Herzegovina,4506.478,6.483,1.996,21.915,27.312,13.901,2.479,Upper middle income
BIH,2015,Bosnia and Herzegovina,4662.259,8.907,-1.036,22.17,27.695,9.783,1.782,Upper middle income
BIH,2020,Bosnia and Herzegovina,6130.312,16.331,-1.051,23.468,15.868,-14.842,-13.425,Upper middle income
BIH,2025,Bosnia and Herzegovina,10381.846,20.291,,28.738,11.037,2.524,5.26,Upper middle income
BLR,2010,Belarus,6034.679,26.855,7.736,40.656,6.052,7.669,12.225,Upper middle income
BLR,2015,Belarus,5967.056,28.908,13.534,29.035,5.881,2.101,-10.628,Upper middle income
BLR,2020,Belarus,6542.856,27.469,5.548,27.455,4.049,-3.75,-7.351,Upper middle income
BLR,2025,Belarus,10279.255,25.5,6.599,27.122,3.38,-4.7,-0.1,Upper middle income
BLZ,2010,Belize,5461.407,18.671,0.918,15.451,8.412,0.442,3.168,Upper middle income
BLZ,2015,Belize,6154.623,20.253,-0.862,16.726,7.578,-2.41,9.351,Upper middle income
BLZ,2020,Belize,5238.541,22.728,0.121,18.443,10.763,-29.579,-22.912,Upper middle income
BLZ,2025,Belize,7865.479,,1.063,,8.856,,,Upper middle income
BOL,2010,Bolivia,1929.784,24.849,2.503,17.007,2.609,9.853,11.041,Lower middle income
BOL,2015,Bolivia,2996.013,14.217,4.06,20.281,3.111,-5.919,-5.406,Lower middle income
BOL,2020,Bolivia,3580.968,14.933,0.941,17.268,7.903,-23.912,-30.139,Lower middle income
BOL,2025,Bolivia,5147.811,,19.517,,2.967,,,Lower middle income
BRA,2010,Brazil,11403.282,17.802,5.039,21.801,8.42,11.722,33.639,Upper middle income
BRA,2015,Brazil,8936.197,14.529,9.03,17.412,8.538,6.82,-14.191,Upper middle income
BRA,2020,Brazil,7074.194,14.84,3.212,16.116,13.697,-2.291,-9.477,Upper middle income
BRA,2025,Brazil,10713.286,14.416,5.017,17.076,5.97,6.165,4.471,Upper middle income
BRB,2010,Barbados,19723.238,,5.824,,10.69,,,High income
BRB,2015,Barbados,20429.475,,-1.113,,9.803,,,High income
BRB,2020,Barbados,19180.992,,,,10.586,,,High income
BRB,2025,Barbados,28364.818,,0.847,,6.524,,,High income
BRN,2010,Brunei,34937.556,60.152,0.357,23.69,6.487,11.874,-0.312,High income
BRN,2015,Brunei,30625.129,57.118,-0.488,35.247,7.703,-9.949,-8.92,High income
BRN,2020,Brunei,26834.359,50.886,1.94,40.588,7.409,7.623,-1.924,High income
BRN,2025,Brunei,32234.643,45.334,-0.303,27.127,5.277,-4.118,-13.798,High income
BTN,2010,Bhutan,2435.58,37.035,7.036,62.933,3.32,7.521,28.736,Lower middle income
BTN,2015,Bhutan,2954.041,27.069,4.548,56.431,2.45,-3.177,17.242,Lower middle income
BTN,2020,Bhutan,3191.669,24.442,5.629,39.071,5.03,-19.675,-9.057,Lower middle income
BTN,2025,Bhutan,4492.784,,3.555,,3.227,,,Lower middle income
BWA,2010,Botswana,6215.732,32.037,6.949,34.702,17.86,18.201,11.02,Upper middle income
BWA,2015,Botswana,6141.204,31.307,3.062,28.443,18.915,-7.36,5.836,Upper middle income
BWA,2020,Botswana,6323.297,24.176,1.89,32.727,21.017,-17.031,6.331,Upper middle income
BWA,2025,Botswana,7778.115,,2.66,29.157,24.477,14.789,-18.994,Upper middle income
CAF,2010,Central African Republic,476.874,,1.491,16.844,5.658,42.555,11.088,Low income
CAF,2015,Central African Republic,366.323,,1.403,21.805,5.775,9.99,10.346,Low income
CAF,2020,Central African Republic,462.879,,1.71,26.0,6.519,-2.841,1.005,Low income
CAF,2025,Central African Republic,556.131,,1.002,9.304,6.251,38.8,14.4,Low income
CAN,2010,Canada,47560.838,19.312,1.777,23.482,8.178,6.676,13.784,High income
CAN,2015,Canada,43594.238,19.569,1.125,23.822,6.945,3.399,0.76,High income
CAN,2020,Canada,43537.898,19.462,0.717,22.675,9.657,-8.981,-9.417,High income
CAN,2025,Canada,55697.664,22.225,2.072,23.154,6.907,-1.684,-0.408,High income
CHE,2010,Switzerland,77956.126,40.025,0.688,26.357,4.808,12.547,7.98,High income
CHE,2015,Switzerland,85265.062,35.237,-1.144,25.941,4.801,3.854,4.759,High income
CHE,2020,Switzerland,87529.702,31.999,-0.726,31.302,4.817,-5.119,-2.768,High income
CHE,2025,Switzerland,114769.012,36.714,0.154,29.488,4.873,4.806,9.701,High income
CHL,2010,Chile,12632.87,25.628,1.411,24.775,8.547,1.869,25.243,High income
CHL,2015,Chile,13433.92,22.734,4.349,25.599,6.605,-2.332,-0.854,High income
CHL,2020,Chile,13117.993,19.092,3.045,21.077,10.934,-0.911,-12.326,High income
CHL,2025,Chile,17994.591,22.815,4.213,24.057,8.974,4.59,10.513,High income
CHN,2010,China,4629.246,50.795,3.175,46.102,4.53,,,Upper middle income
CHN,2015,China,8175.333,45.102,1.437,42.735,4.65,,,Upper middle income
CHN,2020,China,10627.464,43.5,2.419,42.572,5.0,,,Upper middle income
CHN,2025,China,13861.97,,0.06,,4.615,,,Upper middle income
CIV,2010,Côte dIvoire,1553.549,-11.368,1.226,21.681,6.607,-9.055,13.733,Lower middle income
CIV,2015,Côte dIvoire,1814.719,22.432,1.251,23.388,2.573,1.663,13.936,Lower middle income
CIV,2020,Côte dIvoire,2179.729,17.748,2.413,21.743,2.588,-4.606,5.766,Lower middle income
CIV,2025,Côte dIvoire,3050.102,,0.125,19.302,2.323,12.317,15.772,Lower middle income
CMR,2010,Cameroon,1398.587,15.298,1.275,18.228,4.11,13.184,14.303,Lower middle income
CMR,2015,Cameroon,1415.0,14.316,2.676,18.25,3.518,4.769,-0.109,Lower middle income
CMR,2020,Cameroon,1555.604,13.349,2.438,17.661,3.881,-14.361,-17.052,Lower middle income
CMR,2025,Cameroon,1972.382,,3.404,19.343,3.602,-7.681,11.088,Lower middle income
COD,2010,"Congo, The Democratic Republic of the",352.4,16.138,7.1,24.029,4.098,39.926,42.949,Low income
COD,2015,"Congo, The Democratic Republic of the",495.827,20.304,0.744,28.249,4.441,-3.137,-19.282,Low income
COD,2020,"Congo, The Democratic Republic of the",486.426,19.595,,21.849,5.355,11.361,0.46,Low income
COD,2025,"Congo, The Democratic Republic of the",806.776,28.691,,31.653,4.434,7.387,-1.665,Low income
COG,2010,Congo,2946.558,54.044,0.392,47.19,19.3,2.82,8.165,Lower middle income
COG,2015,Congo,2439.352,39.543,3.169,76.782,20.02,-4.533,24.054,Lower middle income
COG,2020,Congo,1993.587,36.293,1.795,23.732,22.286,-9.402,-35.769,Lower middle income
COG,2025,Congo,2514.734,,2.401,29.385,19.876,1.571,4.4,Lower middle income
COL,2010,Colombia,6398.296,18.456,2.272,21.889,11.153,2.062,10.83,Upper middle income
COL,2015,Colombia,6248.515,17.37,4.99,23.774,8.572,1.658,-1.081,Upper middle income
COL,2020,Colombia,5339.687,14.437,2.527,19.128,15.983,-22.459,-20.092,Upper middle income
COL,2025,Colombia,8561.621,13.177,5.142,16.719,8.29,1.843,8.419,Upper middle income
COM,2010,Comoros,1386.575,13.843,3.355,18.175,4.19,14.733,-3.001,Lower middle income
COM,2015,Comoros,1329.37,13.477,-0.117,13.638,4.031,4.535,1.024,Lower middle income
COM,2020,Comoros,1527.17,10.037,0.787,11.802,4.468,-45.926,-9.275,Lower middle income
COM,2025,Comoros,2055.759,,3.249,11.845,3.819,6.341,3.415,Lower middle income
CPV,2010,Cape Verde,3579.46,34.612,2.079,44.957,10.67,6.574,8.003,Lower middle income
CPV,2015,Cape Verde,3415.063,28.521,0.131,29.107,11.923,13.541,2.041,Lower middle income
CPV,2020,Cape Verde,3539.227,17.548,0.606,28.962,14.65,-56.543,-25.183,Lower middle income
CPV,2025,Cape Verde,5796.472,21.134,2.343,17.407,11.939,4.119,3.198,Lower middle income
CRI,2010,Costa Rica,8265.788,15.802,5.663,19.834,7.171,9.327,18.726,Upper middle income
CRI,2015,Costa Rica,11714.711,14.623,0.802,18.854,8.415,2.888,4.498,Upper middle income
CRI,2020,Costa Rica,12475.685,14.26,0.725,15.53,16.432,-10.633,-12.929,Upper middle income
CRI,2025,Costa Rica,19970.099,13.586,-0.074,15.785,6.843,8.639,6.472,Upper middle income
CYP,2010,Cyprus,31105.027,13.04,2.43,23.687,6.359,6.329,10.796,High income
CYP,2015,Cyprus,23088.43,13.054,-2.097,13.323,15.026,8.924,8.062,High income
CYP,2020,Cyprus,28130.33,10.953,-0.638,20.645,7.755,1.636,3.265,High income
CYP,2025,Cyprus,41783.09,12.847,0.127,19.26,4.924,4.962,2.53,High income
CZE,2010,Czech Republic,20160.436,21.738,1.473,26.731,7.281,14.658,14.812,High income
CZE,2015,Czech Republic,17931.599,25.659,0.309,26.969,5.048,5.912,6.563,High income
CZE,2020,Czech Republic,23472.892,25.857,3.161,24.73,2.55,-8.516,-8.446,High income
CZE,2025,Czech Republic,35917.272,27.741,2.46,26.755,2.825,3.902,5.01,High income
DEU,2010,Germany,42396.967,25.062,1.104,19.531,7.043,14.105,12.477,High income
DEU,2015,Germany,41929.755,27.625,0.514,19.498,4.612,4.873,5.327,High income
DEU,2020,Germany,47394.873,28.021,0.145,21.729,3.881,-9.486,-8.139,High income
DEU,2025,Germany,60496.435,26.367,2.172,21.931,3.711,-0.443,3.591,High income
DJI,2010,Djibouti,1213.234,,3.95,,26.368,,,Lower middle income
DJI,2015,Djibouti,2376.126,25.514,-0.522,-3.946,26.063,1.339,-3.232,Lower middle income
DJI,2020,Djibouti,2844.888,11.337,1.779,-0.249,27.701,-29.705,-29.539,Lower middle income
DJI,2025,Djibouti,3905.605,,-0.314,1.55,26.015,-1.5,-2.9,Lower middle income
DMA,2010,Dominica,7549.62,,2.999,,,,,Upper middle income
DMA,2015,Dominica,8282.599,,-0.844,,,,,Upper middle income
DMA,2020,Dominica,7827.748,,1.22,,,,,Upper middle income
DMA,2025,Dominica,10989.043,,2.534,,,,,Upper middle income
DNK,2010,Denmark,58104.545,24.222,2.311,17.822,7.746,3.026,1.315,High income
DNK,2015,Denmark,53094.013,28.499,0.452,20.544,6.278,3.232,4.063,High income
DNK,2020,Denmark,60985.489,29.988,0.421,22.763,5.644,-6.36,-3.954,High income
DNK,2025,Denmark,76970.154,,1.894,22.122,5.529,3.043,-0.35,High income
DOM,2010,Dominican Republic,5478.625,18.359,6.33,26.071,5.212,16.191,18.61,Upper middle income
DOM,2015,Dominican Republic,6800.953,20.937,0.837,22.651,7.605,3.18,10.937,Upper middle income
DOM,2020,Dominican Republic,7135.223,22.929,3.781,24.88,6.126,-28.477,-10.622,Upper middle income
DOM,2025,Dominican Republic,11059.208,23.282,3.873,24.704,5.092,3.909,-1.801,Upper middle income
DZA,2010,Algeria,4912.786,51.225,3.911,43.287,9.96,-0.6,5.3,Lower middle income
DZA,2015,Algeria,4685.059,39.047,4.784,51.78,11.206,0.5,6.9,Lower middle income
DZA,2020,Algeria,3743.542,33.337,2.415,42.949,14.08,-12.2,-16.0,Lower middle income
DZA,2025,Algeria,6051.003,,1.418,45.267,11.633,2.514,17.324,Lower middle income
ECU,2010,Ecuador,4520.31,24.817,3.554,23.49,4.088,0.512,13.463,Upper middle income
ECU,2015,Ecuador,5976.16,20.626,3.967,22.686,3.616,-4.805,-5.274,Upper middle income
ECU,2020,Ecuador,5463.645,19.865,-0.339,17.585,6.116,-3.905,-18.282,Upper middle income
ECU,2025,Ecuador,7125.276,27.088,0.71,20.938,3.308,6.45,3.924,Upper middle income
EGY,2010,Egypt,2455.082,17.95,11.265,19.501,8.757,-2.984,-3.16,Lower middle income
EGY,2015,Egypt,3306.982,9.593,10.37,14.289,13.052,-0.039,0.951,Lower middle income
EGY,2020,Egypt,3511.114,16.277,5.045,18.818,7.974,-23.659,-18.724,Lower middle income
EGY,2025,Egypt,3085.807,8.129,14.074,12.891,6.781,23.673,29.156,Lower middle income
ERI,2010,Eritrea,539.7,,,12.385,5.854,17.496,11.296,Low income
ERI,2015,Eritrea,,,,,5.751,,,Low income
ERI,2020,Eritrea,,,,,6.375,,,Low income
ERI,2025,Eritrea,,,,,5.978,,,Low income
ESP,2010,Spain,30658.742,18.836,1.8,22.399,19.86,8.979,6.198,High income
ESP,2015,Spain,25982.442,21.416,-0.5,19.373,22.057,4.352,5.092,High income
ESP,2020,Spain,27233.943,21.422,-0.323,20.627,15.532,-20.099,-15.148,High income
ESP,2025,Spain,38627.247,24.325,2.7,21.41,10.376,3.569,6.237,High income
EST,2010,Estonia,14663.704,23.36,2.972,21.588,16.707,24.217,21.257,High income
EST,2015,Estonia,17722.156,26.41,-0.492,24.641,6.412,-1.506,-2.138,High income
EST,2020,Estonia,23933.994,27.148,-0.445,29.654,6.956,-4.117,0.839,High income
EST,2025,Estonia,34417.632,24.755,4.829,24.848,8.313,4.958,5.046,High income
ETH,2010,Ethiopia,330.619,,8.149,0.0,2.295,,,Low income
ETH,2015,Ethiopia,597.912,29.93,9.569,40.671,2.442,-11.219,21.852,Low income
ETH,2020,Ethiopia,829.791,27.754,20.356,30.579,3.998,-5.399,-1.989,Low income
ETH,2025,Ethiopia,932.729,,13.23,20.12,3.323,54.556,11.801,Low income
FIN,2010,Finland,46506.292,24.092,1.184,22.607,8.394,6.177,6.299,High income
FIN,2015,Finland,42560.346,20.733,-0.208,21.906,9.376,0.244,2.135,High income
FIN,2020,Finland,48828.685,25.517,0.291,24.984,7.759,-8.501,-6.12,High income
FIN,2025,Finland,56148.581,23.161,0.338,21.904,9.461,3.413,1.717,High income
FJI,2010,Fiji Islands,3449.145,14.086,3.689,18.803,4.345,,,Upper middle income
FJI,2015,Fiji Islands,5097.531,18.941,1.375,22.418,4.288,,,Upper middle income
FJI,2020,Fiji Islands,4620.646,4.336,-1.7,16.445,5.054,,,Upper middle income
FJI,2025,Fiji Islands,6642.004,,-1.383,,5.347,,,Upper middle income
FRA,2010,France,40694.821,20.961,1.531,21.338,9.279,8.543,8.602,High income
FRA,2015,France,36702.432,21.531,0.038,21.717,10.354,4.525,5.819,High income
FRA,2020,France,39169.861,20.784,0.476,22.804,8.009,-16.572,-12.238,High income
FRA,2025,France,48985.731,21.459,0.944,21.938,7.542,1.281,2.874,High income
FSM,2010,"Micronesia, Federated States of",2715.269,,3.314,,,,,Lower middle income
FSM,2015,"Micronesia, Federated States of",2869.863,,-0.298,,,,,Lower middle income
FSM,2020,"Micronesia, Federated States of",3362.028,,0.555,,,,,Lower middle income
FSM,2025,"Micronesia, Federated States of",4414.007,,,,,,,Lower middle income
GAB,2010,Gabon,8356.747,41.159,1.462,29.701,20.39,14.81,31.588,Upper middle income
GAB,2015,Gabon,7047.127,38.378,-0.339,29.231,19.943,8.659,-10.735,Upper middle income
GAB,2020,Gabon,6605.803,,1.353,19.863,21.279,10.033,-6.011,Upper middle income
GAB,2025,Gabon,8263.033,,1.768,24.826,20.154,0.111,9.093,Upper middle income
GBR,2010,United Kingdom,39778.322,13.858,2.493,16.618,7.973,6.15,8.65,High income
GBR,2015,United Kingdom,45256.04,13.696,0.368,18.476,5.552,3.653,4.932,High income
GBR,2020,United Kingdom,40815.126,15.561,0.989,18.281,4.472,-12.015,-15.184,High income
GBR,2025,United Kingdom,57601.962,17.18,3.883,19.688,4.746,2.079,4.058,High income
GEO,2010,Georgia,3281.729,11.285,7.11,20.929,20.203,,,Upper middle income
GEO,2015,Georgia,4086.622,15.233,4.004,26.877,16.506,3.16,5.329,Upper middle income
GEO,2020,Georgia,4300.857,12.093,5.202,24.606,11.734,-37.552,-16.645,Upper middle income
GEO,2025,Georgia,9691.535,18.528,3.869,21.278,12.097,7.019,5.68,Upper middle income
GHA,2010,Ghana,1263.893,4.871,10.733,13.1,5.384,24.679,26.701,Lower middle income
GHA,2015,Ghana,1722.773,21.1,17.15,27.71,6.806,17.627,7.932,Lower middle income
GHA,2020,Ghana,2195.455,15.179,9.887,18.224,3.178,-12.79,-8.781,Lower middle income
GHA,2025,Ghana,3257.159,,14.205,,2.979,,,Lower middle income
GIN,2010,Guinea,659.235,6.585,15.05,20.325,5.018,5.927,3.535,Lower middle income
GIN,2015,Guinea,747.357,-7.385,11.78,24.163,5.15,-9.119,9.435,Lower middle income
GIN,2020,Guinea,1053.661,9.695,10.602,31.516,6.007,53.172,73.518,Lower middle income
GIN,2025,Guinea,1877.254,,3.546,36.999,5.163,8.2,20.0,Lower middle income
GMB,2010,Gambia,801.033,-0.353,5.05,13.877,9.673,-3.62,4.696,Low income
GMB,2015,Gambia,619.536,18.892,6.808,20.35,7.226,-23.463,-7.487,Low income
GMB,2020,Gambia,720.335,26.889,5.931,32.342,5.84,-49.939,12.218,Low income
GMB,2025,Gambia,919.06,,,40.386,6.521,33.989,4.301,Low income
GNB,2010,Guinea-Bissau,600.194,7.401,2.518,19.494,3.121,-7.451,4.443,Low income
GNB,2015,Guinea-Bissau,645.067,16.79,1.477,14.686,3.168,6.699,13.81,Low income
GNB,2020,Guinea-Bissau,846.918,23.565,1.14,25.652,2.887,-11.956,-10.897,Low income
GNB,2025,Guinea-Bissau,1123.767,,0.875,25.812,2.673,25.048,8.231,Low income
GNQ,2010,Equatorial Guinea,13720.166,,7.789,38.056,7.847,-0.159,29.52,Upper middle income
GNQ,2015,Equatorial Guinea,9068.91,,1.677,24.701,7.778,-6.439,-15.453,Upper middle income
GNQ,2020,Equatorial Guinea,5764.055,,4.767,6.988,8.625,-8.124,-22.065,Upper middle income
GNQ,2025,Equatorial Guinea,6615.252,,,-3.679,8.337,-16.675,0.884,Upper middle income
GRC,2010,Greece,26653.049,7.729,4.713,18.216,12.719,4.577,-4.266,High income
GRC,2015,Greece,17980.73,10.051,-1.736,12.008,24.981,5.234,8.177,High income
GRC,2020,Greece,17886.733,5.488,-1.248,13.541,15.899,-21.518,-7.295,High income
GRC,2025,Greece,26948.007,,2.482,17.244,8.54,1.651,-1.289,High income
GRD,2010,Grenada,6909.602,,3.437,,,,,Upper middle income
GRD,2015,Grenada,8694.124,,-0.515,,,,,Upper middle income
GRD,2020,Grenada,8968.559,,-0.741,,,,,Upper middle income
GRD,2025,Grenada,12106.879,,0.61,,,,,Upper middle income
GTM,2010,Guatemala,2805.26,11.647,3.86,14.164,3.497,6.134,9.995,Upper middle income
GTM,2015,Guatemala,3893.505,13.575,2.389,14.828,2.506,2.838,3.648,Upper middle income
GTM,2020,Guatemala,4477.618,18.526,3.214,13.501,2.965,-7.526,-5.769,Upper middle income
GTM,2025,Guatemala,6598.18,,1.488,16.771,2.604,2.042,7.616,Upper middle income
GUY,2010,Guyana,4581.762,,4.301,,11.632,,,High income
GUY,2015,Guyana,5640.416,,-0.865,,13.009,,,High income
GUY,2020,Guyana,6775.709,,0.722,,15.308,,,High income
GUY,2025,Guyana,32413.793,,3.33,,11.962,,,High income
HKG,2010,Hong Kong,32550.136,30.892,2.293,23.89,4.329,17.57,18.229,High income
HKG,2015,Hong Kong,42432.162,24.859,2.991,21.541,3.314,-1.371,-1.764,High income
HKG,2020,Hong Kong,46109.23,25.971,0.251,18.982,5.808,-6.681,-6.858,High income
HKG,2025,Hong Kong,56983.066,,1.436,18.349,2.799,11.177,11.584,High income
HND,2010,Honduras,1893.327,17.547,4.699,21.88,4.119,15.685,15.205,Lower middle income
HND,2015,Honduras,2271.203,19.675,3.158,25.118,6.147,2.9,8.467,Lower middle income
HND,2020,Honduras,2307.615,21.949,3.468,19.666,10.982,-21.026,-17.637,Lower middle income
HND,2025,Honduras,3598.215,26.911,4.597,24.165,4.92,-0.421,4.667,Lower middle income
HRV,2010,Croatia,13729.747,18.191,1.031,20.368,11.62,7.814,-3.011,High income
HRV,2015,Croatia,12283.875,22.174,-0.464,19.48,16.15,10.244,9.277,High income
HRV,2020,Croatia,14807.556,22.13,0.155,23.544,7.389,-23.197,-12.317,High income
HRV,2025,Croatia,27103.912,,3.692,24.585,5.002,0.942,2.78,High income
HTI,2010,Haiti,1209.727,24.13,4.827,24.988,15.244,-18.077,25.702,Lower middle income
HTI,2015,Haiti,1411.127,12.361,6.732,13.974,13.785,0.149,6.104,Lower middle income
HTI,2020,Haiti,1290.325,17.722,22.796,17.703,15.573,-24.414,-18.582,Lower middle income
HTI,2025,Haiti,2694.19,,28.643,12.06,14.944,-1.965,1.452,Lower middle income
HUN,2010,Hungary,13189.843,20.819,4.856,21.189,11.172,11.118,9.789,High income
HUN,2015,Hungary,12782.941,25.678,-0.062,23.857,6.813,7.363,5.671,High income
HUN,2020,Hungary,16386.931,26.481,3.327,27.464,4.248,-6.145,-3.604,High income
HUN,2025,Hungary,25907.474,23.835,4.412,22.152,4.521,-1.083,1.212,High income
IDN,2010,Indonesia,3065.683,32.727,5.134,32.88,5.614,15.266,17.344,Upper middle income
IDN,2015,Indonesia,3288.223,30.123,6.363,34.063,4.514,-2.12,-6.249,Upper middle income
IDN,2020,Indonesia,3853.703,29.225,1.92,32.343,4.255,-8.418,-17.605,Upper middle income
IDN,2025,Indonesia,5059.626,35.043,1.913,30.619,3.237,7.034,4.769,Upper middle income
IND,2010,India,1347.519,36.306,11.989,39.786,7.631,19.478,15.812,Lower middle income
IND,2015,India,1583.998,32.454,4.907,32.117,7.629,-5.647,-5.85,Lower middle income
IND,2020,India,1907.043,28.68,6.623,28.922,7.859,-6.956,-12.623,Lower middle income
IND,2025,India,2702.48,34.697,2.399,34.603,4.219,6.458,6.396,Lower middle income
IRL,2010,Ireland,48623.967,17.24,-0.918,17.291,14.534,5.982,0.568,High income
IRL,2015,Ireland,64250.139,32.637,-0.331,26.084,9.908,39.427,32.698,High income
IRL,2020,Ireland,86514.071,34.595,-0.326,42.591,5.623,13.557,0.19,High income
IRL,2025,Ireland,131592.463,,2.21,22.932,4.632,9.711,9.479,High income
IRN,2010,Iran,6291.194,,10.089,40.262,13.679,7.496,2.344,Lower middle income
IRN,2015,Iran,4952.734,,12.485,31.982,11.166,10.07,-21.677,Lower middle income
IRN,2020,Iran,3202.5,,30.594,47.921,9.687,-10.015,-20.875,Lower middle income
IRN,2025,Iran,3924.38,,42.171,41.773,8.301,-0.628,-13.5,Lower middle income
IRQ,2010,Iraq,4461.752,35.978,2.43,15.868,8.267,-3.763,6.055,Upper middle income
IRQ,2015,Iraq,4440.142,25.072,1.393,20.36,10.865,34.456,-14.076,Upper middle income
IRQ,2020,Iraq,4295.189,24.031,0.574,22.347,15.766,-10.103,-23.945,Upper middle income
IRQ,2025,Iraq,5409.679,,0.303,,15.485,,,Upper middle income
ISL,2010,Iceland,43776.468,7.983,5.397,13.834,7.564,0.752,2.308,High income
ISL,2015,Iceland,53505.696,25.49,1.633,19.193,3.979,8.415,12.979,High income
ISL,2020,Iceland,60127.939,22.906,2.848,21.046,5.478,-30.348,-20.224,High income
ISL,2025,Iceland,98323.485,22.983,4.091,26.574,3.625,0.991,7.151,High income
ISR,2010,Israel,31398.927,24.298,2.703,21.564,8.48,15.245,15.119,High income
ISR,2015,Israel,36138.136,26.771,-0.617,22.142,5.176,-1.471,-0.228,High income
ISR,2020,Israel,44590.824,28.769,-0.575,24.981,4.169,-3.873,-7.582,High income
ISR,2025,Israel,60336.848,25.726,3.041,24.347,3.489,5.706,8.166,High income
ITA,2010,Italy,35856.863,17.563,1.526,20.797,8.363,11.552,11.983,High income
ITA,2015,Italy,30639.883,18.521,0.039,17.281,11.896,3.986,6.324,High income
ITA,2020,Italy,32091.487,21.703,-0.138,17.899,9.192,-13.709,-12.481,High income
ITA,2025,Italy,43308.64,23.432,1.532,22.25,6.391,1.239,3.639,High income
JAM,2010,Jamaica,4809.977,,12.611,,7.63,,,Upper middle income
JAM,2015,Jamaica,5339.307,,3.692,,8.825,,,Upper middle income
JAM,2020,Jamaica,5299.045,,5.227,,6.501,,,Upper middle income
JAM,2025,Jamaica,8002.921,,4.005,,3.286,,,Upper middle income
JOR,2010,Jordan,4139.043,,4.846,,12.5,,,Lower middle income
JOR,2015,Jordan,4441.619,,-0.877,,13.075,,,Lower middle income
JOR,2020,Jordan,4411.483,,0.333,,19.213,,,Lower middle income
JOR,2025,Jordan,5347.777,,1.766,,16.535,,,Lower middle income
JPN,2010,Japan,45378.138,27.325,-0.728,23.572,5.102,24.872,11.273,High income
JPN,2015,Japan,35664.645,29.506,0.795,26.552,3.385,3.235,0.479,High income
JPN,2020,Japan,41098.974,29.733,-0.025,26.886,2.809,-11.711,-6.854,High income
JPN,2025,Japan,35951.045,,3.173,,2.451,,,High income
KAZ,2010,Kazakhstan,8793.076,30.389,7.4,25.374,5.77,3.1,2.9,Upper middle income
KAZ,2015,Kazakhstan,10196.123,27.643,6.678,27.908,4.93,-4.1,-0.1,Upper middle income
KAZ,2020,Kazakhstan,8781.508,26.172,6.718,28.807,4.89,-11.3,-9.0,Upper middle income
KAZ,2025,Kazakhstan,14692.133,,11.388,,4.771,,,Upper middle income
KEN,2010,Kenya,1091.519,7.117,3.961,21.264,2.793,14.352,10.324,Lower middle income
KEN,2015,Kenya,1489.12,6.804,6.582,22.103,2.762,-2.185,-4.635,Lower middle income
KEN,2020,Kenya,1927.665,15.331,5.405,19.652,5.613,9.521,-2.196,Lower middle income
KEN,2025,Kenya,2362.861,,4.069,16.955,5.449,0.118,0.879,Lower middle income
KGZ,2010,Kyrgyzstan,876.954,19.933,7.968,27.402,3.503,,,Lower middle income
KGZ,2015,Kyrgyzstan,1105.652,12.173,6.503,34.671,4.138,-5.633,-13.193,Lower middle income
KGZ,2020,Kyrgyzstan,1229.518,29.26,6.325,25.03,5.945,-27.171,-27.354,Lower middle income
KGZ,2025,Kyrgyzstan,3080.969,,8.215,27.965,3.526,-35.775,-3.575,Lower middle income
KHM,2010,Cambodia,952.275,18.342,3.996,22.317,0.771,19.983,18.276,Lower middle income
KHM,2015,Cambodia,1547.32,22.939,1.224,29.871,0.393,8.625,8.171,Lower middle income
KHM,2020,Cambodia,2081.739,35.761,2.94,31.351,0.172,-12.213,-8.296,Lower middle income
KHM,2025,Cambodia,2872.429,39.162,2.351,31.524,0.263,14.604,12.458,Lower middle income
KIR,2010,Kiribati,1522.101,15.882,-3.9,15.916,,-20.801,-7.287,Lower middle income
KIR,2015,Kiribati,1639.853,65.845,0.572,37.769,,35.188,18.781,Lower middle income
KIR,2020,Kiribati,1751.872,46.114,2.553,14.697,,-33.622,-18.192,Lower middle income
KIR,2025,Kiribati,2558.666,,,,,,,Lower middle income
KNA,2010,Saint Kitts and Nevis,16622.946,,0.851,,,,,High income
KNA,2015,Saint Kitts and Nevis,20328.8,,-2.302,,,,,High income
KNA,2020,Saint Kitts and Nevis,18859.019,,-1.167,,,,,High income
KNA,2025,Saint Kitts and Nevis,25223.026,,,,,,,High income
KOR,2010,South Korea,24071.262,34.993,2.939,32.779,3.324,13.071,17.816,High income
KOR,2015,South Korea,30171.791,35.834,0.706,29.312,3.546,-0.004,1.942,High income
KOR,2020,South Korea,33645.772,35.776,0.537,31.525,3.931,-1.664,-3.26,High income
KOR,2025,South Korea,36226.966,35.599,2.123,29.131,2.683,4.222,3.844,High income
KWT,2010,Kuwait,39212.252,50.688,4.496,17.658,1.82,,,High income
KWT,2015,Kuwait,29882.213,30.918,3.272,25.428,2.2,-0.868,6.836,High income
KWT,2020,Kuwait,25236.076,22.952,2.102,18.651,3.489,-2.89,-26.396,High income
KWT,2025,Kuwait,32312.312,,2.362,,2.181,,,High income
LAO,2010,Laos,1125.916,9.675,5.983,27.462,0.708,15.707,9.241,Lower middle income
LAO,2015,Laos,2121.013,10.747,1.277,31.557,2.006,6.652,4.048,Lower middle income
LAO,2020,Laos,2583.777,,5.104,,2.349,,,Lower middle income
LAO,2025,Laos,2324.764,,7.742,,1.187,,,Lower middle income
LBN,2010,Lebanon,7625.811,4.933,3.983,24.937,6.768,9.865,5.891,Lower middle income
LBN,2015,Lebanon,7714.11,2.44,-3.749,22.223,9.312,9.923,8.735,Lower middle income
LBN,2020,Lebanon,5561.192,2.235,84.864,8.098,13.252,-53.744,-46.035,Lower middle income
LBN,2025,Lebanon,,,14.598,,,,,Lower middle income
LBR,2010,Liberia,492.253,,7.29,,2.266,,,Low income
LBR,2015,Liberia,692.59,,7.749,,2.557,,,Low income
LBR,2020,Liberia,616.788,,16.956,,4.102,,,Low income
LBR,2025,Liberia,915.329,,8.316,,2.884,,,Low income
LBY,2010,Libyan Arab Jamahiriya,11600.907,51.804,2.8,19.801,19.321,310.214,48.248,Upper middle income
LBY,2015,Libyan Arab Jamahiriya,7458.489,5.746,10.402,17.382,19.69,-2.11,-26.262,Upper middle income
LBY,2020,Libyan Arab Jamahiriya,6650.338,-0.399,1.447,9.45,19.651,-66.336,-40.2,Upper middle income
LBY,2025,Libyan Arab Jamahiriya,6448.824,,1.842,14.272,18.758,19.141,8.168,Upper middle income
LCA,2010,Saint Lucia,8673.687,,3.25,,17.118,,,Upper middle income
LCA,2015,Saint Lucia,10334.986,,-0.984,,20.84,,,Upper middle income
LCA,2020,Saint Lucia,8537.115,,-1.756,,25.224,,,Upper middle income
LCA,2025,Saint Lucia,14745.818,,2.027,,9.452,,,Upper middle income
LKA,2010,Sri Lanka,2808.362,,6.218,,4.784,,,Lower middle income
LKA,2015,Sri Lanka,4057.716,32.048,3.768,34.276,4.519,,,Lower middle income
LKA,2020,Sri Lanka,3847.601,31.353,6.154,32.871,5.364,-29.559,-20.068,Lower middle income
LKA,2025,Sri Lanka,5002.079,,-4.764,29.645,4.005,5.06,10.845,Lower middle income
LSO,2010,Lesotho,1119.476,20.19,-2.405,31.301,16.068,0.493,3.871,Lower middle income
LSO,2015,Lesotho,1121.199,24.499,3.218,30.437,16.223,18.496,7.423,Lower middle income
LSO,2020,Lesotho,918.583,20.495,4.978,26.265,18.385,-15.375,-0.573,Lower middle income
LSO,2025,Lesotho,1088.963,13.591,4.27,31.233,16.315,1.519,2.616,Lower middle income
LTU,2010,Lithuania,11829.123,18.06,1.319,17.858,17.814,16.382,16.811,High income
LTU,2015,Lithuania,14269.804,20.045,-0.884,22.555,9.12,2.423,9.502,High income
LTU,2020,Lithuania,20428.648,23.725,1.2,16.52,8.487,0.068,-4.337,High income
LTU,2025,Lithuania,32958.671,23.137,3.792,22.238,6.731,5.295,9.272,High income
LUX,2010,Luxembourg,110885.991,17.935,2.274,18.083,4.423,10.156,14.253,High income
LUX,2015,Luxembourg,105462.013,17.808,0.475,18.959,6.796,5.139,5.708,High income
LUX,2020,Luxembourg,116860.028,20.573,0.82,17.929,6.766,1.902,1.449,High income
LUX,2025,Luxembourg,147252.179,14.104,2.257,15.502,6.343,1.165,1.799,High income
LVA,2010,Latvia,11188.419,22.747,-1.085,20.931,19.482,13.616,12.738,High income
LVA,2015,Latvia,13321.975,24.034,0.174,24.15,9.873,3.055,1.013,High income
LVA,2020,Latvia,17564.232,25.193,0.219,22.155,8.098,-0.298,-1.123,High income
LVA,2025,Latvia,26311.973,20.71,3.746,24.056,6.568,0.074,5.718,High income
MAC,2010,Macao,52596.225,52.171,2.809,13.246,2.84,39.71,16.705,High income
MAC,2015,Macao,69902.961,48.348,4.561,25.398,1.81,-26.563,1.369,High income
MAC,2020,Macao,36883.665,39.205,0.811,26.169,2.542,-65.507,-14.128,High income
MAC,2025,Macao,75901.746,,0.333,12.251,2.347,3.998,-2.581,High income
MAR,2010,Morocco,3067.985,35.044,0.994,31.491,9.09,17.851,7.828,Lower middle income
MAR,2015,Morocco,3146.248,28.259,1.558,30.177,9.46,4.325,1.331,Lower middle income
MAR,2020,Morocco,3268.03,27.696,0.706,28.777,11.189,-14.987,-11.887,Lower middle income
MAR,2025,Morocco,4672.468,29.383,0.702,31.871,9.0,6.267,12.722,Lower middle income
MDA,2010,Moldova,2436.799,17.006,7.484,23.852,2.972,13.727,14.257,Upper middle income
MDA,2015,Moldova,2749.551,18.313,9.676,24.062,1.781,2.571,-5.774,Upper middle income
MDA,2020,Moldova,4375.779,16.12,3.766,23.864,1.206,-14.866,-9.547,Upper middle income
MDA,2025,Moldova,8621.717,4.098,7.759,24.186,1.505,4.358,12.553,Upper middle income
MDG,2010,Madagascar,450.009,16.544,9.247,27.027,4.28,5.685,-5.891,Low income
MDG,2015,Madagascar,445.32,12.905,7.404,15.992,1.785,-0.642,6.546,Low income
MDG,2020,Madagascar,450.772,8.178,4.202,17.715,3.292,-36.636,-16.586,Low income
MDG,2025,Madagascar,599.265,,8.051,24.149,3.041,0.456,4.022,Low income
MDV,2010,Maldives,7173.596,,6.15,,10.875,,,Upper middle income
MDV,2015,Maldives,9644.907,24.631,0.953,31.905,6.611,-3.054,-4.249,Upper middle income
MDV,2020,Maldives,7393.889,-0.287,-1.37,35.512,5.42,-49.238,-43.516,Upper middle income
MDV,2025,Maldives,14614.721,,4.006,,4.514,,,Upper middle income
MEX,2010,Mexico,9728.801,19.123,4.157,23.331,5.303,23.08,17.111,Upper middle income
MEX,2015,Mexico,10021.239,18.516,2.721,23.736,4.311,7.029,4.949,Upper middle income
MEX,2020,Mexico,8841.271,22.193,3.397,20.237,4.44,-7.019,-11.991,Upper middle income
MEX,2025,Mexico,13889.234,18.258,3.807,22.611,2.673,6.956,3.102,Upper middle income
MHL,2010,Marshall Islands,3095.458,24.696,,42.525,,35.489,9.716,Upper middle income
MHL,2015,Marshall Islands,3764.344,27.403,,17.394,,-0.871,0.2,Upper middle income
MHL,2020,Marshall Islands,5661.968,15.129,,20.694,,-4.717,-30.677,Upper middle income
MHL,2025,Marshall Islands,8489.058,,,,,,,Upper middle income
MKD,2010,Macedonia,4833.366,23.799,1.51,24.468,33.135,23.68,10.367,Upper middle income
MKD,2015,Macedonia,5262.687,28.679,-0.3,30.404,26.395,8.476,9.945,Upper middle income
MKD,2020,Macedonia,6659.597,27.116,1.2,29.917,16.575,-10.932,-10.861,Upper middle income
MKD,2025,Macedonia,10489.926,27.549,4.072,31.723,12.256,6.123,6.675,Upper middle income
MLI,2010,Mali,797.152,13.558,1.109,23.014,1.375,1.445,29.243,Low income
MLI,2015,Mali,838.12,20.369,1.451,24.895,1.404,15.906,14.502,Low income
MLI,2020,Mali,953.243,18.585,0.438,20.652,3.528,-12.637,-2.863,Low income
MLI,2025,Mali,1193.276,,3.278,20.022,2.831,4.423,2.73,Low income
MLT,2010,Malta,21946.607,18.117,1.516,21.864,6.861,17.663,14.983,High income
MLT,2015,Malta,25529.669,25.898,1.101,23.455,5.389,24.04,32.041,High income
MLT,2020,Malta,31823.422,22.294,0.639,20.117,4.856,3.787,3.414,High income
MLT,2025,Malta,47906.9,,2.364,18.708,2.896,4.549,4.386,High income
MMR,2010,Myanmar,1010.534,,7.718,,0.725,,,Lower middle income
MMR,2015,Myanmar,1166.733,,9.454,,0.766,,,Lower middle income
MMR,2020,Myanmar,1490.217,,,,1.476,,,Lower middle income
MMR,2025,Myanmar,1488.875,,,,3.047,,,Lower middle income
MNG,2010,Mongolia,2625.219,26.63,10.046,42.087,6.549,,,Lower middle income
MNG,2015,Mongolia,3838.921,16.401,5.736,24.514,4.861,0.122,-11.444,Lower middle income
MNG,2020,Mongolia,4001.252,16.307,3.724,22.384,6.413,-5.265,-15.497,Lower middle income
MNG,2025,Mongolia,7108.227,,8.605,31.413,5.233,6.191,-1.051,Lower middle income
MOZ,2010,Mozambique,496.186,12.196,12.426,23.196,3.259,1.371,1.491,Low income
MOZ,2015,Mozambique,610.564,11.725,3.551,42.246,3.426,-5.41,-15.607,Low income
MOZ,2020,Mozambique,462.434,15.084,3.484,44.827,5.019,-15.159,-4.204,Low income
MOZ,2025,Mozambique,626.914,,4.368,24.196,6.628,-4.004,1.355,Low income
MRT,2010,Mauritania,1659.964,,6.284,32.251,10.093,3.175,18.716,Lower middle income
MRT,2015,Mauritania,1558.842,21.46,3.255,38.461,10.104,2.596,-7.055,Lower middle income
MRT,2020,Mauritania,1795.724,37.553,2.386,38.659,11.051,-9.166,0.381,Lower middle income
MRT,2025,Mauritania,2197.51,,1.548,44.327,10.319,-0.554,4.982,Lower middle income
MUS,2010,Mauritius,8113.177,15.229,2.932,26.728,7.654,14.195,9.291,Upper middle income
MUS,2015,Mauritius,9630.544,16.182,1.287,17.27,7.41,3.775,8.624,Upper middle income
MUS,2020,Mauritius,9135.848,13.362,2.581,17.966,8.626,-20.73,-22.868,Upper middle income
MUS,2025,Mauritius,12991.294,,3.674,19.902,5.635,2.073,1.913,Upper middle income
MWI,2010,Malawi,683.125,,7.412,,4.78,,,Low income
MWI,2015,Malawi,539.605,,21.867,,4.953,,,Low income
MWI,2020,Malawi,602.507,2.675,8.626,16.711,5.72,-4.423,8.146,Low income
MWI,2025,Malawi,671.507,,28.37,15.734,5.072,3.0,2.5,Low income
MYS,2010,Malaysia,8899.345,33.466,1.623,23.387,3.32,10.419,15.523,Upper middle income
MYS,2015,Malaysia,9648.68,28.399,2.104,25.424,3.1,0.253,0.803,Upper middle income
MYS,2020,Malaysia,9957.526,23.821,-1.139,19.658,4.54,-8.561,-7.914,Upper middle income
MYS,2025,Malaysia,13124.555,,1.381,20.461,3.764,3.073,4.557,Upper middle income
NAM,2010,Namibia,5418.216,18.57,4.875,23.78,22.12,2.766,-10.246,Upper middle income
NAM,2015,Namibia,4774.107,16.289,3.394,30.556,20.791,-11.973,0.376,Upper middle income
NAM,2020,Namibia,3878.59,17.707,2.209,13.929,21.003,-16.553,-15.043,Upper middle income
NAM,2025,Namibia,4875.926,,3.511,18.675,19.291,11.812,-3.687,Upper middle income
NER,2010,Niger,474.426,24.289,0.804,32.64,0.718,19.73,11.503,Low income
NER,2015,Niger,485.663,24.17,-0.576,32.357,0.556,-4.708,7.365,Low income
NER,2020,Niger,575.451,19.82,2.898,32.549,0.591,-9.294,1.131,Low income
NER,2025,Niger,775.354,,-4.455,21.977,0.394,75.0,21.1,Low income
NGA,2010,Nigeria,2202.257,,13.74,,3.744,,,Lower middle income
NGA,2015,Nigeria,2585.734,,9.009,,4.134,,,Lower middle income
NGA,2020,Nigeria,2797.185,,13.246,,5.714,,,Lower middle income
NGA,2025,Nigeria,1224.254,,23.01,,3.064,,,Lower middle income
NIC,2010,Nicaragua,1526.567,15.873,5.455,24.84,7.83,16.315,12.066,Lower middle income
NIC,2015,Nicaragua,2074.456,23.489,3.997,33.477,4.7,-0.984,12.002,Lower middle income
NIC,2020,Nicaragua,1938.447,23.752,3.682,20.337,6.18,-8.752,0.955,Lower middle income
NIC,2025,Nicaragua,3173.337,,2.081,25.759,5.04,5.841,11.11,Lower middle income
NLD,2010,Netherlands,51305.734,26.445,1.275,20.037,4.991,9.679,8.444,High income
NLD,2015,Netherlands,45793.814,26.976,0.6,22.17,6.872,8.371,15.403,High income
NLD,2020,Netherlands,53467.928,27.057,1.272,21.352,3.82,-3.831,-4.138,High income
NLD,2025,Netherlands,73683.917,,3.26,19.82,3.874,2.431,2.416,High income
NOR,2010,Norway,90020.342,33.888,2.419,24.008,3.527,0.46,8.077,High income
NOR,2015,Norway,77220.952,31.468,2.171,25.577,4.296,3.971,1.971,High income
NOR,2020,Norway,71057.588,26.464,1.287,29.022,4.424,-2.431,-9.903,High income
NOR,2025,Norway,94594.193,37.254,3.056,23.213,4.637,2.391,2.58,High income
NPL,2010,Nepal,585.278,37.75,9.327,38.271,10.563,-10.439,28.258,Lower middle income
NPL,2015,Nepal,875.544,40.088,7.869,31.277,10.643,2.316,9.583,Lower middle income
NPL,2020,Nepal,1154.215,32.816,5.056,30.44,13.037,-15.882,-20.848,Lower middle income
NPL,2025,Nepal,1535.878,,2.653,29.404,10.465,22.231,6.295,Lower middle income
NRU,2010,Nauru,4735.92,,,,,,,High income
NRU,2015,Nauru,7747.256,,,,,,,High income
NRU,2020,Nauru,10709.069,,,,,,,High income
NRU,2025,Nauru,14639.505,,,,,,,High income
NZL,2010,New Zealand,33761.901,17.733,2.302,20.376,6.557,2.821,11.495,High income
NZL,2015,New Zealand,38648.73,20.883,0.293,23.285,5.415,6.242,2.274,High income
NZL,2020,New Zealand,42054.674,20.682,1.715,23.259,4.595,-17.631,-15.909,High income
NZL,2025,New Zealand,49591.041,,2.84,,5.076,,,High income
OMN,2010,Oman,23570.18,36.903,3.257,29.387,3.911,14.649,22.967,High income
OMN,2015,Oman,18808.308,22.479,0.065,36.372,3.403,-1.253,-0.35,High income
OMN,2020,Oman,16784.863,11.346,-0.406,27.621,2.94,-14.63,-8.918,High income
OMN,2025,Oman,19947.397,,0.968,,3.251,,,High income
PAK,2010,Pakistan,987.305,14.59,12.939,15.962,0.653,7.854,-2.272,Lower middle income
PAK,2015,Pakistan,1380.47,14.944,2.529,15.811,3.566,-3.829,-0.995,Lower middle income
PAK,2020,Pakistan,1278.397,14.542,9.74,14.816,5.994,1.515,-5.064,Lower middle income
PAK,2025,Pakistan,1595.909,15.23,3.546,14.283,5.42,0.607,2.533,Lower middle income
PAN,2010,Panama,8331.464,24.753,3.491,37.341,5.845,5.774,18.64,High income
PAN,2015,Panama,14082.655,34.082,0.137,42.266,4.335,0.352,-1.061,High income
PAN,2020,Panama,13290.561,24.664,-1.55,23.955,14.663,-18.014,-26.489,High income
PAN,2025,Panama,19789.731,,-0.19,,8.36,,,High income
PER,2010,Peru,5072.115,22.446,1.528,23.761,3.6,3.232,26.58,Upper middle income
PER,2015,Peru,6231.712,20.614,3.398,24.305,3.272,4.262,0.972,Upper middle income
PER,2020,Peru,6133.326,19.846,2.002,18.191,7.179,-15.992,-15.55,Upper middle income
PER,2025,Peru,9684.412,24.048,1.531,20.339,5.117,5.922,13.017,Upper middle income
PHL,2010,Philippines,2162.914,39.751,3.79,20.442,3.605,20.308,20.747,Lower middle income
PHL,2015,Philippines,2909.858,35.635,0.674,21.341,3.068,9.967,15.009,Lower middle income
PHL,2020,Philippines,3227.579,24.818,2.393,17.433,2.522,-16.143,-21.554,Lower middle income
PHL,2025,Philippines,4170.723,30.113,1.659,22.141,2.235,8.243,5.042,Lower middle income
PLW,2010,Palau,10018.065,2.668,1.442,26.11,,5.809,0.163,Upper middle income
PLW,2015,Palau,15938.365,4.742,0.949,28.416,,13.254,2.53,Upper middle income
PLW,2020,Palau,14556.31,-7.228,0.218,42.155,,-42.961,-0.319,Upper middle income
PLW,2025,Palau,19532.356,,-0.418,,,,,Upper middle income
PNG,2010,Papua New Guinea,1866.869,,6.014,,2.002,,,Lower middle income
PNG,2015,Papua New Guinea,2484.596,,5.996,,2.507,,,Lower middle income
PNG,2020,Papua New Guinea,2429.611,,4.872,,2.903,,,Lower middle income
PNG,2025,Papua New Guinea,3019.531,,4.421,,2.571,,,Lower middle income
POL,2010,Poland,12567.732,15.698,2.581,20.859,9.578,12.59,14.709,High income
POL,2015,Poland,12637.522,19.501,-0.874,20.802,7.475,6.609,5.602,High income
POL,2020,Poland,16150.93,21.226,3.374,18.839,3.155,-1.076,-2.461,High income
POL,2025,Poland,28419.578,17.089,3.814,17.887,2.976,4.481,5.624,High income
PRI,2010,Puerto Rico,26414.881,,,9.16,16.1,,,High income
PRI,2015,Puerto Rico,29242.041,,,8.599,12.0,,,High income
PRI,2020,Puerto Rico,31427.103,,,10.881,8.89,,,High income
PRI,2025,Puerto Rico,40620.153,,,14.234,5.991,,,High income
PRT,2010,Portugal,22551.935,10.688,1.403,21.199,10.771,9.178,7.789,High income
PRT,2015,Portugal,19215.781,15.888,0.488,15.938,12.405,6.252,8.066,High income
PRT,2020,Portugal,22299.404,18.368,-0.012,19.419,6.85,-18.335,-11.59,High income
PRT,2025,Portugal,32081.811,,2.336,21.036,6.164,0.415,4.292,High income
PRY,2010,Paraguay,4750.963,23.288,4.651,23.835,4.569,23.646,34.845,Upper middle income
PRY,2015,Paraguay,5879.338,21.65,3.129,21.879,4.556,3.204,-2.988,Upper middle income
PRY,2020,Paraguay,5365.472,22.353,1.768,20.041,7.548,-9.012,-15.182,Upper middle income
PRY,2025,Paraguay,7026.619,22.2,4.038,25.287,4.803,3.739,8.908,Upper middle income
QAT,2010,Qatar,77387.294,,-2.425,31.277,0.45,27.298,1.699,High income
QAT,2015,Qatar,68985.295,45.569,1.814,37.067,0.17,-1.392,-9.173,High income
QAT,2020,Qatar,51683.505,41.782,-2.54,43.849,0.14,-1.545,-8.871,High income
QAT,2025,Qatar,72524.907,,,,0.13,,,High income
RUS,2010,Russian Federation,10674.99,26.284,6.849,22.615,7.407,7.0,25.8,Upper middle income
RUS,2015,Russian Federation,9277.714,26.367,15.534,22.149,5.615,3.673,-25.039,Upper middle income
RUS,2020,Russian Federation,10108.327,25.768,3.382,23.456,5.62,-4.171,-11.881,Upper middle income
RUS,2025,Russian Federation,17546.609,28.64,8.72,25.892,2.133,,,Upper middle income
RWA,2010,Rwanda,586.6,13.509,-0.246,20.798,11.637,8.434,2.355,Low income
RWA,2015,Rwanda,725.691,9.986,2.529,24.52,11.831,6.25,23.052,Low income
RWA,2020,Rwanda,802.639,15.19,9.85,18.186,11.829,-9.576,-3.634,Low income
RWA,2025,Rwanda,1123.739,,5.913,34.126,11.363,-15.543,-8.956,Low income
SAU,2010,Saudi Arabia,22028.39,45.015,5.339,30.926,5.55,4.354,6.565,High income
SAU,2015,Saudi Arabia,23256.155,24.842,1.223,32.434,5.6,0.484,-2.477,High income
SAU,2020,Saudi Arabia,24338.831,19.989,3.372,23.316,7.66,-9.919,-19.931,High income
SAU,2025,Saudi Arabia,34536.656,28.897,2.084,31.625,3.038,8.904,4.675,High income
SDN,2010,Sudan,1305.636,28.101,12.978,20.399,15.168,9.0,6.773,Low income
SDN,2015,Sudan,1292.38,8.106,16.91,12.808,14.39,-2.0,8.601,Low income
SDN,2020,Sudan,577.795,4.65,163.258,5.787,11.995,5.234,-9.0,Low income
SDN,2025,Sudan,1164.54,,,0.734,,75.0,35.0,Low income
SEN,2010,Senegal,1275.884,16.283,1.229,20.087,2.795,-0.802,-1.388,Lower middle income
SEN,2015,Senegal,1218.006,20.54,0.135,25.833,6.757,9.362,7.737,Lower middle income
SEN,2020,Senegal,1461.087,24.739,2.543,35.633,3.432,-13.23,6.978,Lower middle income
SEN,2025,Senegal,1954.712,,1.459,26.877,2.735,28.936,-0.473,Lower middle income
SGP,2010,Singapore,47236.683,50.592,2.829,27.658,4.12,17.788,16.307,High income
SGP,2015,Singapore,55645.607,44.046,-0.522,25.353,3.79,4.968,3.381,High income
SGP,2020,Singapore,61772.504,42.081,-0.172,22.931,4.1,-0.64,-2.101,High income
SGP,2025,Singapore,98813.979,39.976,0.903,22.486,2.818,10.787,11.857,High income
SLB,2010,Solomon Islands,1685.145,13.789,1.051,17.944,1.617,32.725,52.229,Lower middle income
SLB,2015,Solomon Islands,2045.477,11.436,-0.574,15.945,0.736,-6.465,0.776,Lower middle income
SLB,2020,Solomon Islands,2063.328,18.634,2.964,16.724,0.868,-21.846,-37.05,Lower middle income
SLB,2025,Solomon Islands,2086.19,,3.365,,1.431,,,Lower middle income
SLE,2010,Sierra Leone,685.04,34.038,7.186,34.434,4.34,19.427,21.9,Low income
SLE,2015,Sierra Leone,964.576,9.079,6.689,18.061,4.483,-22.533,-24.408,Low income
SLE,2020,Sierra Leone,845.278,10.555,13.447,15.341,3.509,-0.538,-23.827,Low income
SLE,2025,Sierra Leone,846.296,,7.488,23.197,3.15,8.3,11.7,Low income
SLV,2010,El Salvador,3040.073,13.783,1.179,16.672,4.893,13.432,8.935,Upper middle income
SLV,2015,El Salvador,3790.341,12.326,-0.731,16.017,3.998,3.28,4.66,Upper middle income
SLV,2020,El Salvador,3997.193,18.293,-0.372,17.212,5.008,-24.069,-14.427,Upper middle income
SLV,2025,El Salvador,5766.726,22.79,0.258,26.332,3.303,3.741,11.239,Upper middle income
SMR,2010,San Marino,56543.191,,2.585,,,,,High income
SMR,2015,San Marino,43146.804,,0.146,12.086,,,,High income
SMR,2020,San Marino,44426.626,31.469,-0.133,18.051,,-7.136,-9.245,High income
SMR,2025,San Marino,,,2.295,,,,,High income
SOM,2010,Somalia,219.202,,,,18.741,,,Low income
SOM,2015,Somalia,445.583,,,13.148,18.495,7.139,5.436,Low income
SOM,2020,Somalia,518.161,,,16.006,19.414,1.802,4.878,Low income
SOM,2025,Somalia,661.174,,,28.114,18.948,-1.201,4.1,Low income
STP,2010,Sao Tome and Principe,1045.21,-32.818,13.34,25.716,14.628,22.591,22.452,Lower middle income
STP,2015,Sao Tome and Principe,1298.109,-19.997,5.246,14.55,10.591,19.189,-4.739,Lower middle income
STP,2020,Sao Tome and Principe,2167.22,-4.388,9.819,11.805,9.679,-32.559,-13.381,Lower middle income
STP,2025,Sao Tome and Principe,4084.401,,11.047,8.742,9.132,-12.185,23.284,Lower middle income
SUR,2010,Suriname,7943.605,50.34,6.941,36.204,7.15,,,Upper middle income
SUR,2015,Suriname,8813.617,,6.894,,7.22,,,Upper middle income
SUR,2020,Suriname,4755.392,,34.89,,8.973,,,Upper middle income
SUR,2025,Suriname,7069.872,,9.205,,7.834,,,Upper middle income
SVK,2010,Slovakia,16899.449,21.468,0.957,25.378,14.387,18.037,17.601,High income
SVK,2015,Slovakia,16442.076,24.729,-0.325,25.778,11.492,6.752,9.139,High income
SVK,2020,Slovakia,19735.486,19.643,1.937,20.227,6.719,-6.355,-7.903,High income
SVK,2025,Slovakia,28543.665,16.229,4.0,20.084,5.359,3.983,3.713,High income
SVN,2010,Slovenia,23329.842,22.312,1.801,22.56,7.236,10.323,6.952,High income
SVN,2015,Slovenia,20697.275,23.617,-0.526,19.469,8.962,5.43,5.273,High income
SVN,2020,Slovenia,25392.065,27.853,-0.055,20.19,4.971,-8.531,-9.117,High income
SVN,2025,Slovenia,37376.222,25.496,2.373,22.029,3.175,0.303,2.115,High income
SWE,2010,Sweden,52542.576,28.375,1.158,22.422,8.61,11.051,12.176,High income
SWE,2015,Sweden,51188.165,26.161,-0.047,23.791,7.432,5.09,5.792,High income
SWE,2020,Sweden,52568.573,29.982,0.497,24.421,8.291,-5.428,-6.302,High income
SWE,2025,Sweden,63133.213,30.618,0.68,25.467,8.694,3.933,4.34,High income
SWZ,2010,Swaziland,3922.74,,4.509,,26.856,,,Lower middle income
SWZ,2015,Swaziland,3419.823,30.668,4.951,17.222,23.431,-1.847,-2.102,Lower middle income
SWZ,2020,Swaziland,3466.569,22.503,,15.29,32.978,-5.154,-5.309,Lower middle income
SWZ,2025,Swaziland,4108.252,,,,34.202,,,Lower middle income
SYC,2010,Seychelles,10934.795,16.566,-2.405,37.031,,-4.751,9.078,High income
SYC,2015,Seychelles,15333.105,11.879,4.042,26.88,,-1.037,-7.095,High income
SYC,2020,Seychelles,14041.475,-3.578,1.203,21.321,,-28.432,-15.239,High income
SYC,2025,Seychelles,19449.384,,0.298,18.711,,5.403,3.798,High income
SYR,2010,Syria,2730.615,15.842,4.397,,8.61,11.188,15.115,Low income
SYR,2015,Syria,847.732,,38.461,,14.244,-4.455,-1.588,Low income
SYR,2020,Syria,593.912,,,,15.179,47.102,-11.772,Low income
SYR,2025,Syria,,,,,13.569,,,Low income
TCD,2010,Chad,1141.801,,-2.078,21.854,0.911,4.933,9.981,Low income
TCD,2015,Chad,993.991,,4.377,22.892,1.032,42.648,8.538,Low income
TCD,2020,Chad,866.948,,4.464,22.787,1.695,0.065,-13.482,Low income
TCD,2025,Chad,1022.336,,-3.912,20.357,1.057,13.823,11.765,Low income
TGO,2010,Togo,750.323,11.501,1.446,15.84,2.379,14.31,11.014,Low income
TGO,2015,Togo,813.895,17.425,2.585,25.185,2.204,-1.775,10.073,Low income
TGO,2020,Togo,961.22,19.526,1.699,19.811,2.231,1.884,4.488,Low income
TGO,2025,Togo,1383.9,,0.433,,1.995,,,Low income
THA,2010,Thailand,4973.863,29.628,3.248,25.357,0.622,14.22,22.956,Upper middle income
THA,2015,Thailand,5688.853,28.044,-0.898,22.356,0.597,1.25,0.004,Upper middle income
THA,2020,Thailand,6983.034,28.259,-0.846,23.764,1.099,-19.967,-13.911,Upper middle income
THA,2025,Thailand,8056.564,23.935,-0.134,22.071,0.781,9.215,6.654,Upper middle income
TJK,2010,Tajikistan,737.339,11.776,6.445,23.846,7.037,23.0,8.0,Lower middle income
TJK,2015,Tajikistan,956.916,41.67,5.715,44.689,7.033,0.0,0.006,Lower middle income
TJK,2020,Tajikistan,834.312,36.065,,33.475,7.576,21.8,-0.4,Lower middle income
TJK,2025,Tajikistan,1637.254,,,,6.931,,,Lower middle income
TKM,2010,Turkmenistan,4058.539,,,,4.0,,,Upper middle income
TKM,2015,Turkmenistan,5759.498,,,,4.016,,,Upper middle income
TKM,2020,Turkmenistan,3935.377,,,,4.489,,,Upper middle income
TKM,2025,Turkmenistan,6540.179,,,,4.267,,,Upper middle income
TON,2010,Tonga,3416.084,15.27,3.535,29.155,1.501,-6.383,2.61,Upper middle income
TON,2015,Tonga,4123.903,9.122,-1.054,25.361,2.022,8.234,22.666,Upper middle income
TON,2020,Tonga,4792.359,20.793,-0.35,24.573,2.712,-3.13,-5.296,Upper middle income
TON,2025,Tonga,6547.186,,5.593,,2.008,,,Upper middle income
TTO,2010,Trinidad and Tobago,16815.425,,10.549,23.142,4.033,,,High income
TTO,2015,Trinidad and Tobago,19887.233,,4.661,25.511,2.428,,,High income
TTO,2020,Trinidad and Tobago,15283.627,,0.599,20.515,4.206,,,High income
TTO,2025,Trinidad and Tobago,18967.27,,0.994,,3.329,,,High income
TUN,2010,Tunisia,4291.861,21.428,3.339,25.836,13.049,26.769,45.809,Lower middle income
TUN,2015,Tunisia,4014.948,12.945,4.437,21.739,15.159,-4.648,-2.246,Lower middle income
TUN,2020,Tunisia,3548.654,5.62,5.634,12.688,17.651,-20.04,-16.554,Lower middle income
TUN,2025,Tunisia,4656.638,,5.151,15.232,15.108,6.975,10.089,Lower middle income
TUR,2010,Turkey,10698.97,24.044,8.566,28.452,11.879,2.321,19.337,Upper middle income
TUR,2015,Turkey,11064.649,27.792,7.671,30.063,10.304,5.056,2.134,Upper middle income
TUR,2020,Turkey,8798.118,30.093,12.279,34.154,13.148,-16.413,6.843,Upper middle income
TUR,2025,Turkey,18599.442,,34.881,31.667,8.52,-0.319,4.934,Upper middle income
TUV,2010,Tuvalu,3054.962,,,,,,,Upper middle income
TUV,2015,Tuvalu,3352.667,,,,,,,Upper middle income
TUV,2020,Tuvalu,5029.572,,,,,,,Upper middle income
TUV,2025,Tuvalu,6041.449,,,,,,,Upper middle income
TZA,2010,Tanzania,736.53,25.073,6.2,32.017,3.03,6.326,14.582,Lower middle income
TZA,2015,Tanzania,939.127,25.695,5.588,32.759,2.009,1.348,-5.222,Lower middle income
TZA,2020,Tanzania,1117.415,36.434,3.29,38.746,1.792,-8.602,-7.584,Lower middle income
TZA,2025,Tanzania,1318.819,,3.327,40.682,1.572,-5.022,2.526,Lower middle income
UGA,2010,Uganda,823.488,18.691,3.977,27.104,3.623,-8.961,-2.081,Low income
UGA,2015,Uganda,862.935,16.579,5.59,23.86,2.681,-2.37,14.157,Low income
UGA,2020,Uganda,845.766,21.809,3.313,24.216,3.819,-1.17,0.443,Low income
UGA,2025,Uganda,1206.305,,3.581,22.646,2.746,23.604,11.682,Low income
UKR,2010,Ukraine,3039.632,13.944,9.373,18.372,8.1,2.311,10.001,Lower middle income
UKR,2015,Ukraine,2094.474,21.457,48.7,15.933,9.14,-13.165,-16.672,Lower middle income
UKR,2020,Ukraine,3709.769,12.22,2.732,8.932,9.475,-5.81,-6.353,Lower middle income
UKR,2025,Ukraine,5865.885,,12.73,20.779,,-12.82,8.321,Lower middle income
URY,2010,Uruguay,12641.058,17.147,6.699,19.408,7.158,7.179,13.578,High income
URY,2015,Uruguay,17125.902,15.207,8.666,19.705,7.488,-0.6,-7.265,High income
URY,2020,Uruguay,15757.534,15.612,9.756,16.234,10.413,-14.311,-11.195,High income
URY,2025,Uruguay,25215.824,15.525,4.65,16.178,7.516,1.904,4.105,High income
USA,2010,United States,48642.631,15.383,1.64,18.672,9.633,12.649,12.969,High income
USA,2015,United States,56849.47,19.698,0.119,21.415,5.28,0.32,5.191,High income
USA,2020,United States,64465.297,18.384,1.234,21.438,8.055,-12.623,-8.823,High income
USA,2025,United States,90026.516,,,,4.198,,,High income
UZB,2010,Uzbekistan,1956.781,27.917,,25.544,5.36,8.035,-4.156,Lower middle income
UZB,2015,Uzbekistan,3172.899,21.845,8.752,24.425,5.15,2.162,-10.562,Lower middle income
UZB,2020,Uzbekistan,2087.964,31.661,12.868,35.619,5.293,-20.107,-14.856,Lower middle income
UZB,2025,Uzbekistan,3968.272,29.538,8.796,33.278,4.622,2.515,7.678,Lower middle income
VCT,2010,Saint Vincent and the Grenadines,6551.968,,0.747,,19.924,,,Upper middle income
VCT,2015,Saint Vincent and the Grenadines,7353.736,,-1.734,,19.135,,,Upper middle income
VCT,2020,Saint Vincent and the Grenadines,8351.203,,-0.628,,20.635,,,Upper middle income
VCT,2025,Saint Vincent and the Grenadines,12561.769,,0.815,,18.003,,,Upper middle income
VEN,2010,Venezuela,13646.305,98.537,28.187,0.0,7.112,-12.877,-2.891,Not classified
VEN,2015,Venezuela,4096.62,34.328,121.738,19.434,6.139,-1.08,-23.447,Not classified
VEN,2020,Venezuela,1506.042,,,9.206,7.53,-59.516,-52.633,Not classified
VEN,2025,Venezuela,3494.814,,,5.927,5.307,4.425,-16.878,Not classified
VNM,2010,Vietnam,1683.162,33.436,9.207,37.099,1.114,8.45,8.223,Lower middle income
VNM,2015,Vietnam,2577.569,28.073,0.631,32.109,1.848,13.866,15.723,Lower middle income
VNM,2020,Vietnam,3534.04,33.007,3.221,31.916,2.103,4.063,3.284,Lower middle income
VNM,2025,Vietnam,5065.991,,3.31,30.795,1.523,16.275,17.122,Lower middle income
VUT,2010,Vanuatu,2815.188,17.796,2.763,37.007,4.681,1.024,-0.003,Lower middle income
VUT,2015,Vanuatu,3214.419,13.801,2.483,28.232,5.168,6.354,26.389,Lower middle income
VUT,2020,Vanuatu,3404.304,4.929,5.329,18.673,4.046,-66.391,21.881,Lower middle income
VUT,2025,Vanuatu,4038.735,,0.656,,5.073,,,Lower middle income
WSM,2010,Samoa,3524.248,29.51,0.777,14.645,5.621,-1.652,4.751,Lower middle income
WSM,2015,Samoa,4084.361,30.886,0.724,35.862,8.901,1.215,-4.02,Lower middle income
WSM,2020,Samoa,4099.597,33.661,-1.569,33.191,7.467,-20.512,-1.919,Lower middle income
WSM,2025,Samoa,5872.783,30.028,2.212,30.036,4.996,-2.559,-2.894,Lower middle income
YEM,2010,Yemen,1155.203,8.25,11.175,11.661,12.777,14.051,-6.811,Low income
YEM,2015,Yemen,1362.174,-5.09,,1.656,17.9,-68.382,-43.812,Low income
YEM,2020,Yemen,,,,,17.963,,,Low income
YEM,2025,Yemen,,,,,17.322,,,Low income
ZAF,2010,South Africa,7973.472,17.142,4.067,17.596,24.683,7.718,10.794,Upper middle income
ZAF,2015,South Africa,6112.274,14.289,4.519,18.633,25.149,3.06,5.045,Upper middle income
ZAF,2020,South Africa,5580.604,14.308,3.232,12.346,29.217,-12.004,-17.572,Upper middle income
ZAF,2025,South Africa,6597.715,12.907,3.206,13.871,32.391,-2.453,1.144,Upper middle income
ZMB,2010,Zambia,1451.106,31.433,8.502,29.878,13.19,17.244,43.937,Lower middle income
ZMB,2015,Zambia,1295.878,37.724,10.111,42.805,5.951,,,Lower middle income
ZMB,2020,Zambia,951.644,44.95,15.733,32.245,6.032,,,Lower middle income
ZMB,2025,Zambia,1317.878,,13.91,,5.918,,,Lower middle income
ZWE,2010,Zimbabwe,902.011,1.507,3.023,18.763,5.469,45.779,21.116,Lower middle income
ZWE,2015,Zimbabwe,1387.126,-0.991,-2.431,10.036,5.399,48.411,80.606,Lower middle income
ZWE,2020,Zimbabwe,2059.637,9.777,557.202,7.345,8.617,-48.949,-44.099,Lower middle income
ZWE,2025,Zimbabwe,3021.43,,,,9.293,,,Lower middle income
